URL,description,og_description,og_image,og_locale,og_site_name,og_title,og_type,og_url,robots,title
https://kokochie.co.jp/,株式会社ココチエ（KOKOCHIE）のコーポレートサイトです。ココチエでは、事業開発支援、ブランディング支援、マーケティング支援、プロモーション支援、及び自社プロダクト（招待状事業等）の提供を行っており、事業概要、サービス概要、採用情報などをご覧いただけます。,株式会社ココチエ（KOKOCHIE）のコーポレートサイトです。ココチエでは、事業開発支援、ブランディング支援、マーケティング支援、プロモーション支援、及び自社プロダクト（招待状事業等）の提供を行っており、事業概要、サービス概要、採用情報などをご覧いただけます。,,ja_JP,株式会社ココチエ KOKOCHIE Inc.,株式会社ココチエ KOKOCHIE Inc.,website,https://kokochie.co.jp/,,株式会社ココチエ KOKOCHIE Inc.
https://kokochie.co.jp/news/web%e6%8b%9b%e5%be%85%e7%8a%b6dear%ef%bd%9c%e6%97%a5%e6%9c%ac%e7%b5%8c%e6%b8%88%e6%96%b0%e8%81%9e%e3%80%8e%e7%9f%a5%e3%81%a3%e3%81%a8%e3%81%8f%e3%83%88%e3%82%af%e3%80%8f%e3%81%a7%e7%b4%b9%e4%bb%8b/,Web招待状DEAR｜日本経済新聞『知っとくトク』で紹介されました についてのご案内となります。,Web招待状DEAR｜日本経済新聞『知っとくトク』で紹介されました についてのご案内となります。,,ja_JP,株式会社ココチエ KOKOCHIE Inc.,Web招待状DEAR｜日本経済新聞『知っとくトク』で紹介されました | 株式会社ココチエ　KOKOCHIE Inc.,article,https://kokochie.co.jp/news/web%e6%8b%9b%e5%be%85%e7%8a%b6dear%ef%bd%9c%e6%97%a5%e6%9c%ac%e7%b5%8c%e6%b8%88%e6%96%b0%e8%81%9e%e3%80%8e%e7%9f%a5%e3%81%a3%e3%81%a8%e3%81%8f%e3%83%88%e3%82%af%e3%80%8f%e3%81%a7%e7%b4%b9%e4%bb%8b/,,Web招待状DEAR｜日本経済新聞『知っとくトク』で紹介されました | 株式会社ココチエ　KOKOCHIE Inc.
https://kokochie.co.jp/news/12930/,学生就業支援センター様のLPサイト制作をサポートしました についてのご案内となります。,学生就業支援センター様のLPサイト制作をサポートしました についてのご案内となります。,,ja_JP,株式会社ココチエ KOKOCHIE Inc.,学生就業支援センター様のLPサイト制作をサポートしました | 株式会社ココチエ　KOKOCHIE Inc.,article,https://kokochie.co.jp/news/12930/,,学生就業支援センター様のLPサイト制作をサポートしました | 株式会社ココチエ　KOKOCHIE Inc.
https://kokochie.co.jp/news/%e3%80%8c%e3%83%91%e3%83%b3%e3%81%ab%e6%81%8b%e3%81%97%e3%81%a6%e3%80%8d-2021-summer%e5%8f%b7-%e3%83%aa%e3%83%bc%e3%83%95%e3%83%ac%e3%83%83%e3%83%88%e3%83%aa%e3%83%aa%e3%83%bc%e3%82%b9/,「パンに恋して」 2021 Summer号 リーフレットリリース についてのご案内となります。,「パンに恋して」 2021 Summer号 リーフレットリリース についてのご案内となります。,,ja_JP,株式会社ココチエ KOKOCHIE Inc.,「パンに恋して」 2021 Summer号 リーフレットリリース | 株式会社ココチエ　KOKOCHIE Inc.,article,https://kokochie.co.jp/news/%e3%80%8c%e3%83%91%e3%83%b3%e3%81%ab%e6%81%8b%e3%81%97%e3%81%a6%e3%80%8d-2021-summer%e5%8f%b7-%e3%83%aa%e3%83%bc%e3%83%95%e3%83%ac%e3%83%83%e3%83%88%e3%83%aa%e3%83%aa%e3%83%bc%e3%82%b9/,,「パンに恋して」 2021 Summer号 リーフレットリリース | 株式会社ココチエ　KOKOCHIE Inc.
https://kokochie.co.jp/news/web%E6%8B%9B%E5%BE%85%E7%8A%B6dear%EF%BD%9C%E6%8B%9B%E5%BE%85%E7%8A%B6%E3%81%AE%E6%96%B0%E3%83%87%E3%82%B6%E3%82%A4%E3%83%B3%E3%80%8C%E3%82%A2%E3%83%A1%E3%82%A4%E3%82%B8%E3%83%B3%E3%82%B0%E3%82%B8/,Web招待状DEAR｜招待状の新デザイン「アメイジングジャーニー」を追加リリース についてのご案内となります。,Web招待状DEAR｜招待状の新デザイン「アメイジングジャーニー」を追加リリース についてのご案内となります。,,ja_JP,株式会社ココチエ KOKOCHIE Inc.,Web招待状DEAR｜招待状の新デザイン「アメイジングジャーニー」を追加リリース | 株式会社ココチエ　KOKOCHIE Inc.,article,https://kokochie.co.jp/news/web%e6%8b%9b%e5%be%85%e7%8a%b6dear%ef%bd%9c%e6%8b%9b%e5%be%85%e7%8a%b6%e3%81%ae%e6%96%b0%e3%83%87%e3%82%b6%e3%82%a4%e3%83%b3%e3%80%8c%e3%82%a2%e3%83%a1%e3%82%a4%e3%82%b8%e3%83%b3%e3%82%b0%e3%82%b8/,,Web招待状DEAR｜招待状の新デザイン「アメイジングジャーニー」を追加リリース | 株式会社ココチエ　KOKOCHIE Inc.
https://kokochie.co.jp/news/%e3%80%8c%e5%a4%96%e9%a3%9f%e3%81%af%e3%83%81%e3%82%ab%e3%83%a9%e3%81%ab%e3%81%aa%e3%82%8b%e3%80%8d%e3%82%ad%e3%83%a3%e3%83%b3%e3%83%9a%e3%83%bc%e3%83%b3%e3%82%b5%e3%82%a4%e3%83%88%e3%83%aa%e3%83%aa/,「#外食はチカラになる」キャンペーンサイトリリース についてのご案内となります。,「#外食はチカラになる」キャンペーンサイトリリース についてのご案内となります。,,ja_JP,株式会社ココチエ KOKOCHIE Inc.,「#外食はチカラになる」キャンペーンサイトリリース | 株式会社ココチエ　KOKOCHIE Inc.,article,https://kokochie.co.jp/news/%e3%80%8c%e5%a4%96%e9%a3%9f%e3%81%af%e3%83%81%e3%82%ab%e3%83%a9%e3%81%ab%e3%81%aa%e3%82%8b%e3%80%8d%e3%82%ad%e3%83%a3%e3%83%b3%e3%83%9a%e3%83%bc%e3%83%b3%e3%82%b5%e3%82%a4%e3%83%88%e3%83%aa%e3%83%aa/,,「#外食はチカラになる」キャンペーンサイトリリース | 株式会社ココチエ　KOKOCHIE Inc.
https://kokochie.co.jp/news/%E3%80%8C%E3%83%91%E3%83%B3%E3%81%AB%E6%81%8B%E3%81%97%E3%81%A6%E3%80%8D-2021-christmas%E5%8F%B7-%E3%83%AA%E3%83%BC%E3%83%95%E3%83%AC%E3%83%83%E3%83%88%E3%83%AA%E3%83%AA%E3%83%BC%E3%82%B9/,「パンに恋して」 2021 Christmas号 リーフレットリリース についてのご案内となります。,「パンに恋して」 2021 Christmas号 リーフレットリリース についてのご案内となります。,,ja_JP,株式会社ココチエ KOKOCHIE Inc.,「パンに恋して」 2021 Christmas号 リーフレットリリース | 株式会社ココチエ　KOKOCHIE Inc.,article,https://kokochie.co.jp/news/%e3%80%8c%e3%83%91%e3%83%b3%e3%81%ab%e6%81%8b%e3%81%97%e3%81%a6%e3%80%8d-2021-christmas%e5%8f%b7-%e3%83%aa%e3%83%bc%e3%83%95%e3%83%ac%e3%83%83%e3%83%88%e3%83%aa%e3%83%aa%e3%83%bc%e3%82%b9/,,「パンに恋して」 2021 Christmas号 リーフレットリリース | 株式会社ココチエ　KOKOCHIE Inc.
https://kokochie.co.jp/privacy/,株式会社ココチエのプライバシーポリシーページです。,株式会社ココチエのプライバシーポリシーページです。,,ja_JP,株式会社ココチエ KOKOCHIE Inc.,プライバシーポリシー | 株式会社ココチエ KOKOCHIE Inc.,article,https://kokochie.co.jp/privacy/,,プライバシーポリシー | 株式会社ココチエ KOKOCHIE Inc.
https://kokochie.co.jp/news/,株式会社ココチエからのお知らせをお届けしています。,,,ja_JP,株式会社ココチエ KOKOCHIE Inc.,NEWS | 株式会社ココチエ KOKOCHIE Inc.,object,https://kokochie.co.jp/news/,,NEWS | 株式会社ココチエ KOKOCHIE Inc.
https://kokochie.co.jp/contact/,株式会社ココチエのお問い合わせフォームとなります。マーケティングのご相談などお気軽にご相談ください。,株式会社ココチエのお問い合わせフォームとなります。マーケティングのご相談などお気軽にご相談ください。,,ja_JP,株式会社ココチエ KOKOCHIE Inc.,CONTACT | 株式会社ココチエ KOKOCHIE Inc.,article,https://kokochie.co.jp/contact/,,CONTACT | 株式会社ココチエ KOKOCHIE Inc.
https://kokochie.co.jp/recruit/,株式会社ココチエの採用情報ページです。募集職種一覧、代表メッセージ、社員インタビューなどを掲載しています。,株式会社ココチエの採用情報ページです。募集職種一覧、代表メッセージ、社員インタビューなどを掲載しています。,,ja_JP,株式会社ココチエ KOKOCHIE Inc.,RECRUIT（採用情報） | 株式会社ココチエ KOKOCHIE Inc.,article,https://kokochie.co.jp/recruit/,,RECRUIT（採用情報） | 株式会社ココチエ KOKOCHIE Inc.
https://kokochie.co.jp/products/,株式会社ココチエが提供する自社事業・サービスのご案内です。株式会社ココチエでは、招待状事業、メディア事業など、ライフスタイル分野において自社サービスを展開しています。,株式会社ココチエが提供する自社事業・サービスのご案内です。株式会社ココチエでは、招待状事業、メディア事業など、ライフスタイル分野において自社サービスを展開しています。,,ja_JP,株式会社ココチエ KOKOCHIE Inc.,PRODUCTS（自社事業）| 株式会社ココチエ KOKOCHIE Inc.,article,https://kokochie.co.jp/products/,,PRODUCTS（自社事業）| 株式会社ココチエ KOKOCHIE Inc.
https://kokochie.co.jp/works/,株式会社ココチエのWOKRS（クライアントワーク）の実績のご案内です。マーケティング支援、ブランディング支援のプロジェクトの一部をご紹介します。,,,ja_JP,株式会社ココチエ KOKOCHIE Inc.,WORKS（クライアントワーク） | 株式会社ココチエ KOKOCHIE Inc.,object,https://kokochie.co.jp/works/,,WORKS（クライアントワーク） | 株式会社ココチエ KOKOCHIE Inc.
https://kokochie.co.jp/business/,事業・サービスのご案内（OUR BUSINESS）では、クライアントをサポートするココチエのマーケティング事業、新たに価値を創出する自社プロダクト事業についてご紹介しています。,事業・サービスのご案内（OUR BUSINESS）では、クライアントをサポートするココチエのマーケティング事業、新たに価値を創出する自社プロダクト事業についてご紹介しています。,,ja_JP,株式会社ココチエ KOKOCHIE Inc.,事業・サービスのご案内 | 株式会社ココチエ KOKOCHIE Inc.,article,https://kokochie.co.jp/business/,,事業・サービスのご案内 | 株式会社ココチエ KOKOCHIE Inc.
https://kokochie.co.jp/company/,株式会社ココチエのCOMPANY（会社概要）ページです。会社の設立年月、本社所在地、経営メンバー（役員情報）、取引先、資本金等、ココチエの会社概要情報をご確認いただけます。,株式会社ココチエのCOMPANY（会社概要）ページです。会社の設立年月、本社所在地、経営メンバー（役員情報）、取引先、資本金等、ココチエの会社概要情報をご確認いただけます。,,ja_JP,株式会社ココチエ KOKOCHIE Inc.,COMPANY（会社概要） | 株式会社ココチエ KOKOCHIE Inc.,article,https://kokochie.co.jp/company/,,COMPANY（会社概要） | 株式会社ココチエ KOKOCHIE Inc.
https://kokochie.co.jp/whoweare/,WHO WE ARE では、ココチエのビジネススキルセットをご確認いただけます。ココチエには新規事業の立ち上げや運営を成功に導いてきた戦略コンサルタントやマーケッター、WEBディレクター、雑誌・広告で経験を積んできた企画・編集、Good design賞受賞作品デザイナー、大規模データを扱うエンジニアなどが在籍しています。,WHO WE ARE では、ココチエのビジネススキルセットをご確認いただけます。ココチエには新規事業の立ち上げや運営を成功に導いてきた戦略コンサルタントやマーケッター、WEBディレクター、雑誌・広告で経験を積んできた企画・編集、Good design賞受賞作品デザイナー、大規模データを扱うエンジニアなどが在籍しています。,,ja_JP,株式会社ココチエ KOKOCHIE Inc.,WHO WE ARE | 株式会社ココチエ KOKOCHIE Inc.,article,https://kokochie.co.jp/whoweare/,,WHO WE ARE | 株式会社ココチエ KOKOCHIE Inc.
https://kokochie.co.jp/about/,株式会社ココチエのMISSION（使命）、GUIDELINE（行動指針）、BEINGをご紹介しています。また、ココチエのロゴ（シンボルマーク）に込められた想いなどもご紹介しています。,株式会社ココチエのMISSION（使命）、GUIDELINE（行動指針）、BEINGをご紹介しています。また、ココチエのロゴ（シンボルマーク）に込められた想いなどもご紹介しています。,,ja_JP,株式会社ココチエ KOKOCHIE Inc.,ABOUT US | 株式会社ココチエ KOKOCHIE Inc.,article,https://kokochie.co.jp/about/,,ABOUT US | 株式会社ココチエ KOKOCHIE Inc.
https://kokochie.co.jp/news/kurasu-terrace/,「KURASU TERRACE（クラステラス）」リリース についてのご案内となります。,「KURASU TERRACE（クラステラス）」リリース についてのご案内となります。,,ja_JP,株式会社ココチエ KOKOCHIE Inc.,「KURASU TERRACE（クラステラス）」リリース | 株式会社ココチエ　KOKOCHIE Inc.,article,https://kokochie.co.jp/news/kurasu-terrace/,,「KURASU TERRACE（クラステラス）」リリース | 株式会社ココチエ　KOKOCHIE Inc.
https://kokochie.co.jp/news/%e3%80%8cavocados-from-mexico%e3%80%8d%e3%81%ae%e3%82%b5%e3%82%a4%e3%83%88%e3%82%92%e3%83%aa%e3%83%8b%e3%83%a5%e3%83%bc%e3%82%a2%e3%83%ab%e3%81%97%e3%81%be%e3%81%97%e3%81%9f/,「Avocados From Mexico」のサイトをリニューアルしました についてのご案内となります。,「Avocados From Mexico」のサイトをリニューアルしました についてのご案内となります。,,ja_JP,株式会社ココチエ KOKOCHIE Inc.,「Avocados From Mexico」のサイトをリニューアルしました | 株式会社ココチエ　KOKOCHIE Inc.,article,https://kokochie.co.jp/news/%e3%80%8cavocados-from-mexico%e3%80%8d%e3%81%ae%e3%82%b5%e3%82%a4%e3%83%88%e3%82%92%e3%83%aa%e3%83%8b%e3%83%a5%e3%83%bc%e3%82%a2%e3%83%ab%e3%81%97%e3%81%be%e3%81%97%e3%81%9f/,,「Avocados From Mexico」のサイトをリニューアルしました | 株式会社ココチエ　KOKOCHIE Inc.
https://kokochie.co.jp/news/%e3%82%b3%e3%82%a2%e3%83%bc%e3%82%ba%e6%a7%98%e3%80%80%e4%b8%ad%e5%9b%bd%e5%90%91%e3%81%91%e3%82%b3%e3%83%bc%e3%83%9d%e3%83%ac%e3%83%bc%e3%83%88%e3%82%b5%e3%82%a4%e3%83%88%e3%83%aa%e3%83%aa%e3%83%bc/,コアーズ様　中国向けサイトリリース についてのご案内となります。,コアーズ様　中国向けサイトリリース についてのご案内となります。,,ja_JP,株式会社ココチエ KOKOCHIE Inc.,コアーズ様　中国向けサイトリリース | 株式会社ココチエ　KOKOCHIE Inc.,article,https://kokochie.co.jp/news/%e3%82%b3%e3%82%a2%e3%83%bc%e3%82%ba%e6%a7%98%e3%80%80%e4%b8%ad%e5%9b%bd%e5%90%91%e3%81%91%e3%82%b3%e3%83%bc%e3%83%9d%e3%83%ac%e3%83%bc%e3%83%88%e3%82%b5%e3%82%a4%e3%83%88%e3%83%aa%e3%83%aa%e3%83%bc/,,コアーズ様　中国向けサイトリリース | 株式会社ココチエ　KOKOCHIE Inc.
https://kokochie.co.jp/news/%e3%80%8c%e3%83%91%e3%83%b3%e3%81%ab%e6%81%8b%e3%81%97%e3%81%a6%e3%80%8d2020-summer%e5%8f%b7-%e3%83%aa%e3%83%bc%e3%83%95%e3%83%ac%e3%83%83%e3%83%88%e3%83%aa%e3%83%aa%e3%83%bc%e3%82%b9/,「パンに恋して」2020 SUMMER号 リーフレットリリース についてのご案内となります。,「パンに恋して」2020 SUMMER号 リーフレットリリース についてのご案内となります。,,ja_JP,株式会社ココチエ KOKOCHIE Inc.,「パンに恋して」2020 SUMMER号 リーフレットリリース | 株式会社ココチエ　KOKOCHIE Inc.,article,https://kokochie.co.jp/news/%e3%80%8c%e3%83%91%e3%83%b3%e3%81%ab%e6%81%8b%e3%81%97%e3%81%a6%e3%80%8d2020-summer%e5%8f%b7-%e3%83%aa%e3%83%bc%e3%83%95%e3%83%ac%e3%83%83%e3%83%88%e3%83%aa%e3%83%aa%e3%83%bc%e3%82%b9/,,「パンに恋して」2020 SUMMER号 リーフレットリリース | 株式会社ココチエ　KOKOCHIE Inc.
https://kokochie.co.jp/news/%e3%82%aa%e3%83%95%e3%82%a3%e3%82%b9%e7%a7%bb%e8%bb%a2%e3%81%ae%e3%81%8a%e7%9f%a5%e3%82%89%e3%81%9b/,オフィス移転のお知らせ についてのご案内となります。,オフィス移転のお知らせ についてのご案内となります。,,ja_JP,株式会社ココチエ KOKOCHIE Inc.,オフィス移転のお知らせ | 株式会社ココチエ　KOKOCHIE Inc.,article,https://kokochie.co.jp/news/%e3%82%aa%e3%83%95%e3%82%a3%e3%82%b9%e7%a7%bb%e8%bb%a2%e3%81%ae%e3%81%8a%e7%9f%a5%e3%82%89%e3%81%9b/,,オフィス移転のお知らせ | 株式会社ココチエ　KOKOCHIE Inc.
https://kokochie.co.jp/news/page/3/,株式会社ココチエからのお知らせをお届けしています。,,,ja_JP,株式会社ココチエ KOKOCHIE Inc.,NEWS | Page 3 of 3 | 株式会社ココチエ KOKOCHIE Inc.,object,https://kokochie.co.jp/news/,,NEWS | Page 3 of 3 | 株式会社ココチエ KOKOCHIE Inc.
https://kokochie.co.jp/news/page/2/,株式会社ココチエからのお知らせをお届けしています。,,,ja_JP,株式会社ココチエ KOKOCHIE Inc.,NEWS | Page 2 of 3 | 株式会社ココチエ KOKOCHIE Inc.,object,https://kokochie.co.jp/news/,,NEWS | Page 2 of 3 | 株式会社ココチエ KOKOCHIE Inc.
https://kokochie.co.jp/works/carrier-works02/,通信キャリア2（非公開） のプロジェクト概要についてのご紹介です。株式会社ココチエが担当したプロジェクトの概要をご紹介します。,通信キャリア2（非公開） のプロジェクト概要についてのご紹介です。株式会社ココチエが担当したプロジェクトの概要をご紹介します。,,ja_JP,株式会社ココチエ KOKOCHIE Inc.,通信キャリア2（非公開） | 株式会社ココチエ KOKOCHIE Inc.,article,https://kokochie.co.jp/works/carrier-works02/,,通信キャリア2（非公開） | 株式会社ココチエ KOKOCHIE Inc.
https://kokochie.co.jp/works/carrier-works01/,通信キャリア1（非公開） のプロジェクト概要についてのご紹介です。株式会社ココチエが担当したプロジェクトの概要をご紹介します。,通信キャリア1（非公開） のプロジェクト概要についてのご紹介です。株式会社ココチエが担当したプロジェクトの概要をご紹介します。,,ja_JP,株式会社ココチエ KOKOCHIE Inc.,通信キャリア1（非公開） | 株式会社ココチエ KOKOCHIE Inc.,article,https://kokochie.co.jp/works/carrier-works01/,,通信キャリア1（非公開） | 株式会社ココチエ KOKOCHIE Inc.
https://kokochie.co.jp/works/interior-brand-works01/,インテリア・ブランド のプロジェクト概要についてのご紹介です。株式会社ココチエが担当したプロジェクトの概要をご紹介します。,インテリア・ブランド のプロジェクト概要についてのご紹介です。株式会社ココチエが担当したプロジェクトの概要をご紹介します。,,ja_JP,株式会社ココチエ KOKOCHIE Inc.,インテリア・ブランド | 株式会社ココチエ KOKOCHIE Inc.,article,https://kokochie.co.jp/works/interior-brand-works01/,,インテリア・ブランド | 株式会社ココチエ KOKOCHIE Inc.
https://kokochie.co.jp/works/content-provider-works01/,大手コンテンツプロバイダー（非公開） のプロジェクト概要についてのご紹介です。株式会社ココチエが担当したプロジェクトの概要をご紹介します。,大手コンテンツプロバイダー（非公開） のプロジェクト概要についてのご紹介です。株式会社ココチエが担当したプロジェクトの概要をご紹介します。,,ja_JP,株式会社ココチエ KOKOCHIE Inc.,大手コンテンツプロバイダー（非公開） | 株式会社ココチエ KOKOCHIE Inc.,article,https://kokochie.co.jp/works/content-provider-works01/,,大手コンテンツプロバイダー（非公開） | 株式会社ココチエ KOKOCHIE Inc.
https://kokochie.co.jp/works/global-ec-works01/,グローバルブランドECサイト のプロジェクト概要についてのご紹介です。株式会社ココチエが担当したプロジェクトの概要をご紹介します。,グローバルブランドECサイト のプロジェクト概要についてのご紹介です。株式会社ココチエが担当したプロジェクトの概要をご紹介します。,,ja_JP,株式会社ココチエ KOKOCHIE Inc.,グローバルブランドECサイト | 株式会社ココチエ KOKOCHIE Inc.,article,https://kokochie.co.jp/works/global-ec-works01/,,グローバルブランドECサイト | 株式会社ココチエ KOKOCHIE Inc.
https://kokochie.co.jp/works/real-estate-works01/,大手不動産会社グループ のプロジェクト概要についてのご紹介です。株式会社ココチエが担当したプロジェクトの概要をご紹介します。,大手不動産会社グループ のプロジェクト概要についてのご紹介です。株式会社ココチエが担当したプロジェクトの概要をご紹介します。,,ja_JP,株式会社ココチエ KOKOCHIE Inc.,大手不動産会社グループ | 株式会社ココチエ KOKOCHIE Inc.,article,https://kokochie.co.jp/works/real-estate-works01/,,大手不動産会社グループ | 株式会社ココチエ KOKOCHIE Inc.
https://kokochie.co.jp/works/cosmetic-surgery-works01/,大手美容整形グループ のプロジェクト概要についてのご紹介です。株式会社ココチエが担当したプロジェクトの概要をご紹介します。,大手美容整形グループ のプロジェクト概要についてのご紹介です。株式会社ココチエが担当したプロジェクトの概要をご紹介します。,,ja_JP,株式会社ココチエ KOKOCHIE Inc.,大手美容整形グループ | 株式会社ココチエ KOKOCHIE Inc.,article,https://kokochie.co.jp/works/cosmetic-surgery-works01/,,大手美容整形グループ | 株式会社ココチエ KOKOCHIE Inc.
https://kokochie.co.jp/works/id-poss-works01/,大手ID・POSSデータ事業会社 のプロジェクト概要についてのご紹介です。株式会社ココチエが担当したプロジェクトの概要をご紹介します。,大手ID・POSSデータ事業会社 のプロジェクト概要についてのご紹介です。株式会社ココチエが担当したプロジェクトの概要をご紹介します。,,ja_JP,株式会社ココチエ KOKOCHIE Inc.,大手ID・POSSデータ事業会社 | 株式会社ココチエ KOKOCHIE Inc.,article,https://kokochie.co.jp/works/id-poss-works01/,,大手ID・POSSデータ事業会社 | 株式会社ココチエ KOKOCHIE Inc.
https://kokochie.co.jp/works/e-board/,エグゼクティブボード のプロジェクト概要についてのご紹介です。株式会社ココチエが担当したプロジェクトの概要をご紹介します。,エグゼクティブボード のプロジェクト概要についてのご紹介です。株式会社ココチエが担当したプロジェクトの概要をご紹介します。,,ja_JP,株式会社ココチエ KOKOCHIE Inc.,エグゼクティブボード | 株式会社ココチエ KOKOCHIE Inc.,article,https://kokochie.co.jp/works/e-board/,,エグゼクティブボード | 株式会社ココチエ KOKOCHIE Inc.
https://kokochie.co.jp/service/,株式会社ココチエが提供するクライアント向けの事業開発支援、ブランディング支援、マーケティング支援、プロモーション支援等のご案内です。,株式会社ココチエが提供するクライアント向けの事業開発支援、ブランディング支援、マーケティング支援、プロモーション支援等のご案内です。,,ja_JP,株式会社ココチエ KOKOCHIE Inc.,SERVICE（サービス概要）| 株式会社ココチエ KOKOCHIE Inc.,article,https://kokochie.co.jp/service/,,SERVICE（サービス概要）| 株式会社ココチエ KOKOCHIE Inc.
https://kokochie.co.jp/news/%e3%80%8c%e3%83%91%e3%83%b3%e3%81%ab%e6%81%8b%e3%81%97%e3%81%a6%e3%80%8d2018-summer%e5%8f%b7-%e3%83%aa%e3%83%bc%e3%83%95%e3%83%ac%e3%83%83%e3%83%88%e3%83%aa%e3%83%aa%e3%83%bc%e3%82%b9/,「パンに恋して」2018 SUMMER号 リーフレットリリース についてのご案内となります。,「パンに恋して」2018 SUMMER号 リーフレットリリース についてのご案内となります。,,ja_JP,株式会社ココチエ KOKOCHIE Inc.,「パンに恋して」2018 SUMMER号 リーフレットリリース | 株式会社ココチエ　KOKOCHIE Inc.,article,https://kokochie.co.jp/news/%e3%80%8c%e3%83%91%e3%83%b3%e3%81%ab%e6%81%8b%e3%81%97%e3%81%a6%e3%80%8d2018-summer%e5%8f%b7-%e3%83%aa%e3%83%bc%e3%83%95%e3%83%ac%e3%83%83%e3%83%88%e3%83%aa%e3%83%aa%e3%83%bc%e3%82%b9/,,「パンに恋して」2018 SUMMER号 リーフレットリリース | 株式会社ココチエ　KOKOCHIE Inc.
https://kokochie.co.jp/news/wow%e5%85%ac%e5%bc%8f%e3%82%b5%e3%82%a4%e3%83%88-%e3%83%aa%e3%83%aa%e3%83%bc%e3%82%b9/,WOW!公式サイト リリース についてのご案内となります。,WOW!公式サイト リリース についてのご案内となります。,,ja_JP,株式会社ココチエ KOKOCHIE Inc.,WOW!公式サイト リリース | 株式会社ココチエ　KOKOCHIE Inc.,article,https://kokochie.co.jp/news/wow%e5%85%ac%e5%bc%8f%e3%82%b5%e3%82%a4%e3%83%88-%e3%83%aa%e3%83%aa%e3%83%bc%e3%82%b9/,,WOW!公式サイト リリース | 株式会社ココチエ　KOKOCHIE Inc.
https://kokochie.co.jp/news/%e7%99%bd%e9%a6%ac%e5%b2%a9%e5%b2%b3%e3%83%9e%e3%82%a6%e3%83%b3%e3%83%86%e3%83%b3%e3%83%aa%e3%82%be%e3%83%bc%e3%83%88%e3%82%b5%e3%82%a4%e3%83%88-%e3%83%aa%e3%83%aa%e3%83%bc%e3%82%b9/,白馬岩岳マウンテンリゾートサイト リリース についてのご案内となります。,白馬岩岳マウンテンリゾートサイト リリース についてのご案内となります。,,ja_JP,株式会社ココチエ KOKOCHIE Inc.,白馬岩岳マウンテンリゾートサイト リリース | 株式会社ココチエ　KOKOCHIE Inc.,article,https://kokochie.co.jp/news/%e7%99%bd%e9%a6%ac%e5%b2%a9%e5%b2%b3%e3%83%9e%e3%82%a6%e3%83%b3%e3%83%86%e3%83%b3%e3%83%aa%e3%82%be%e3%83%bc%e3%83%88%e3%82%b5%e3%82%a4%e3%83%88-%e3%83%aa%e3%83%aa%e3%83%bc%e3%82%b9/,,白馬岩岳マウンテンリゾートサイト リリース | 株式会社ココチエ　KOKOCHIE Inc.
https://kokochie.co.jp/news/%e3%80%8c%e3%83%91%e3%83%b3%e3%81%ab%e6%81%8b%e3%81%97%e3%81%a6%e3%80%8d2018-autumn%e5%8f%b7-%e3%83%aa%e3%83%bc%e3%83%95%e3%83%ac%e3%83%83%e3%83%88%e3%83%aa%e3%83%aa%e3%83%bc%e3%82%b9/,「パンに恋して」2018 AUTUMN号 リーフレットリリース についてのご案内となります。,「パンに恋して」2018 AUTUMN号 リーフレットリリース についてのご案内となります。,,ja_JP,株式会社ココチエ KOKOCHIE Inc.,「パンに恋して」2018 AUTUMN号 リーフレットリリース | 株式会社ココチエ　KOKOCHIE Inc.,article,https://kokochie.co.jp/news/%e3%80%8c%e3%83%91%e3%83%b3%e3%81%ab%e6%81%8b%e3%81%97%e3%81%a6%e3%80%8d2018-autumn%e5%8f%b7-%e3%83%aa%e3%83%bc%e3%83%95%e3%83%ac%e3%83%83%e3%83%88%e3%83%aa%e3%83%aa%e3%83%bc%e3%82%b9/,,「パンに恋して」2018 AUTUMN号 リーフレットリリース | 株式会社ココチエ　KOKOCHIE Inc.
https://kokochie.co.jp/news/oliviersco-2%e5%8f%b7%e5%ba%97%e9%96%8b%e5%ba%97%e3%80%80%e3%83%9e%e3%83%bc%e3%82%b1%e3%83%86%e3%82%a3%e3%83%b3%e3%82%b0%e3%82%b5%e3%83%9d%e3%83%bc%e3%83%88/,OLIVIERS&CO 2号店開店　マーケティングサポート についてのご案内となります。,OLIVIERS&CO 2号店開店　マーケティングサポート についてのご案内となります。,,ja_JP,株式会社ココチエ KOKOCHIE Inc.,OLIVIERS&CO 2号店開店　マーケティングサポート | 株式会社ココチエ　KOKOCHIE Inc.,article,https://kokochie.co.jp/news/oliviersco-2%e5%8f%b7%e5%ba%97%e9%96%8b%e5%ba%97%e3%80%80%e3%83%9e%e3%83%bc%e3%82%b1%e3%83%86%e3%82%a3%e3%83%b3%e3%82%b0%e3%82%b5%e3%83%9d%e3%83%bc%e3%83%88/,,OLIVIERS&CO 2号店開店　マーケティングサポート | 株式会社ココチエ　KOKOCHIE Inc.
https://kokochie.co.jp/news/%e3%80%8c%e3%83%91%e3%83%b3%e3%81%ab%e6%81%8b%e3%81%97%e3%81%a6%e3%80%8d2018-%e3%82%af%e3%83%aa%e3%82%b9%e3%83%9e%e3%82%b9%e5%8f%b7-%e3%83%aa%e3%83%bc%e3%83%95%e3%83%ac%e3%83%83%e3%83%88%e3%83%aa/,「パンに恋して」2018 クリスマス号 リーフレットリリース についてのご案内となります。,「パンに恋して」2018 クリスマス号 リーフレットリリース についてのご案内となります。,,ja_JP,株式会社ココチエ KOKOCHIE Inc.,「パンに恋して」2018 クリスマス号 リーフレットリリース | 株式会社ココチエ　KOKOCHIE Inc.,article,https://kokochie.co.jp/news/%e3%80%8c%e3%83%91%e3%83%b3%e3%81%ab%e6%81%8b%e3%81%97%e3%81%a6%e3%80%8d2018-%e3%82%af%e3%83%aa%e3%82%b9%e3%83%9e%e3%82%b9%e5%8f%b7-%e3%83%aa%e3%83%bc%e3%83%95%e3%83%ac%e3%83%83%e3%83%88%e3%83%aa/,,「パンに恋して」2018 クリスマス号 リーフレットリリース | 株式会社ココチエ　KOKOCHIE Inc.
https://kokochie.co.jp/news/%e7%b5%90%e5%a9%9a%e5%bc%8f%e3%81%aeweb%e6%8b%9b%e5%be%85%e7%8a%b6dear-%e3%82%a2%e3%83%97%e3%83%aa%e3%82%92%e3%83%aa%e3%83%8b%e3%83%a5%e3%83%bc%e3%82%a2%e3%83%ab/,結婚式のWeb招待状DEAR アプリをリニューアル についてのご案内となります。,結婚式のWeb招待状DEAR アプリをリニューアル についてのご案内となります。,,ja_JP,株式会社ココチエ KOKOCHIE Inc.,結婚式のWeb招待状DEAR アプリをリニューアル | 株式会社ココチエ　KOKOCHIE Inc.,article,https://kokochie.co.jp/news/%e7%b5%90%e5%a9%9a%e5%bc%8f%e3%81%aeweb%e6%8b%9b%e5%be%85%e7%8a%b6dear-%e3%82%a2%e3%83%97%e3%83%aa%e3%82%92%e3%83%aa%e3%83%8b%e3%83%a5%e3%83%bc%e3%82%a2%e3%83%ab/,,結婚式のWeb招待状DEAR アプリをリニューアル | 株式会社ココチエ　KOKOCHIE Inc.
https://kokochie.co.jp/news/%e3%82%b3%e3%82%b3%e3%83%81%e3%82%a8%e3%81%ae%e3%83%ad%e3%82%b4%e3%81%8c%e6%96%b0%e3%81%97%e3%81%8f%e3%81%aa%e3%82%8a%e3%81%be%e3%81%97%e3%81%9f/,ココチエのロゴが新しくなりました についてのご案内となります。,ココチエのロゴが新しくなりました についてのご案内となります。,,ja_JP,株式会社ココチエ KOKOCHIE Inc.,ココチエのロゴが新しくなりました | 株式会社ココチエ　KOKOCHIE Inc.,article,https://kokochie.co.jp/news/%e3%82%b3%e3%82%b3%e3%83%81%e3%82%a8%e3%81%ae%e3%83%ad%e3%82%b4%e3%81%8c%e6%96%b0%e3%81%97%e3%81%8f%e3%81%aa%e3%82%8a%e3%81%be%e3%81%97%e3%81%9f/,,ココチエのロゴが新しくなりました | 株式会社ココチエ　KOKOCHIE Inc.
https://kokochie.co.jp/news/%e3%83%96%e3%83%8e%e3%83%af%e6%a0%aa%e5%bc%8f%e4%bc%9a%e7%a4%be%e6%a7%98%e3%80%80lp%e3%82%b5%e3%82%a4%e3%83%88%e3%83%aa%e3%83%aa%e3%83%bc%e3%82%b9/,ブノワ株式会社様　LPサイトリリース についてのご案内となります。,ブノワ株式会社様　LPサイトリリース についてのご案内となります。,,ja_JP,株式会社ココチエ KOKOCHIE Inc.,ブノワ株式会社様　LPサイトリリース | 株式会社ココチエ　KOKOCHIE Inc.,article,https://kokochie.co.jp/news/%e3%83%96%e3%83%8e%e3%83%af%e6%a0%aa%e5%bc%8f%e4%bc%9a%e7%a4%be%e6%a7%98%e3%80%80lp%e3%82%b5%e3%82%a4%e3%83%88%e3%83%aa%e3%83%aa%e3%83%bc%e3%82%b9/,,ブノワ株式会社様　LPサイトリリース | 株式会社ココチエ　KOKOCHIE Inc.
https://kokochie.co.jp/news/%e6%a0%aa%e5%bc%8f%e4%bc%9a%e7%a4%be%e5%90%89%e9%8a%98%e6%a7%98-%e3%83%aa%e3%83%8b%e3%83%a5%e3%83%bc%e3%82%a2%e3%83%ab%e3%82%b5%e3%82%a4%e3%83%88-%e3%83%aa%e3%83%aa%e3%83%bc%e3%82%b9/,株式会社吉銘様 リニューアルサイト リリース についてのご案内となります。,株式会社吉銘様 リニューアルサイト リリース についてのご案内となります。,,ja_JP,株式会社ココチエ KOKOCHIE Inc.,株式会社吉銘様 リニューアルサイト リリース | 株式会社ココチエ　KOKOCHIE Inc.,article,https://kokochie.co.jp/news/%e6%a0%aa%e5%bc%8f%e4%bc%9a%e7%a4%be%e5%90%89%e9%8a%98%e6%a7%98-%e3%83%aa%e3%83%8b%e3%83%a5%e3%83%bc%e3%82%a2%e3%83%ab%e3%82%b5%e3%82%a4%e3%83%88-%e3%83%aa%e3%83%aa%e3%83%bc%e3%82%b9/,,株式会社吉銘様 リニューアルサイト リリース | 株式会社ココチエ　KOKOCHIE Inc.
https://kokochie.co.jp/news/%e6%a0%aa%e5%bc%8f%e4%bc%9a%e7%a4%be%e5%90%89%e9%87%8e%e5%ae%b6%e6%a7%98-%e3%83%aa%e3%83%8b%e3%83%a5%e3%83%bc%e3%82%a2%e3%83%ab%e3%82%b5%e3%82%a4%e3%83%88-%e3%83%aa%e3%83%aa%e3%83%bc%e3%82%b9/,株式会社吉野家様 リニューアルサイト リリース についてのご案内となります。,株式会社吉野家様 リニューアルサイト リリース についてのご案内となります。,,ja_JP,株式会社ココチエ KOKOCHIE Inc.,株式会社吉野家様 リニューアルサイト リリース | 株式会社ココチエ　KOKOCHIE Inc.,article,https://kokochie.co.jp/news/%e6%a0%aa%e5%bc%8f%e4%bc%9a%e7%a4%be%e5%90%89%e9%87%8e%e5%ae%b6%e6%a7%98-%e3%83%aa%e3%83%8b%e3%83%a5%e3%83%bc%e3%82%a2%e3%83%ab%e3%82%b5%e3%82%a4%e3%83%88-%e3%83%aa%e3%83%aa%e3%83%bc%e3%82%b9/,,株式会社吉野家様 リニューアルサイト リリース | 株式会社ココチエ　KOKOCHIE Inc.
https://kokochie.co.jp/news/%e3%83%96%e3%83%8e%e3%83%af%e6%a0%aa%e5%bc%8f%e4%bc%9a%e7%a4%be%e6%a7%98-%e3%83%96%e3%83%a9%e3%83%b3%e3%83%89%e3%83%91%e3%83%b3%e3%83%95%e3%83%ac%e3%83%83%e3%83%88%e3%83%aa%e3%83%aa%e3%83%bc%e3%82%b9/,ブノワ株式会社様 ブランドパンフレットリリース についてのご案内となります。,ブノワ株式会社様 ブランドパンフレットリリース についてのご案内となります。,,ja_JP,株式会社ココチエ KOKOCHIE Inc.,ブノワ株式会社様 ブランドパンフレットリリース | 株式会社ココチエ　KOKOCHIE Inc.,article,https://kokochie.co.jp/news/%e3%83%96%e3%83%8e%e3%83%af%e6%a0%aa%e5%bc%8f%e4%bc%9a%e7%a4%be%e6%a7%98-%e3%83%96%e3%83%a9%e3%83%b3%e3%83%89%e3%83%91%e3%83%b3%e3%83%95%e3%83%ac%e3%83%83%e3%83%88%e3%83%aa%e3%83%aa%e3%83%bc%e3%82%b9/,,ブノワ株式会社様 ブランドパンフレットリリース | 株式会社ココチエ　KOKOCHIE Inc.
https://kokochie.co.jp/service/media/a/,オウンドメディアで成功する事例や方法を知っていますか？ココチエのオウンドメディア構築・運営サービスは他社にはない集客特化型のオウンドメディア支援サービスです。圧倒的な速さでコンテンツ拡散、大手メディア連携、SEO対策を実現し広告費を掛けずにコンテンツマーケティングを成功へと導きます。,,,ja_JP,株式会社ココチエ KOKOCHIE Inc.,ココチエのトータルオウンドメディアサービス | 株式会社ココチエ KOKOCHIE Inc.,article,https://kokochie.co.jp/service/media/a/,,ココチエのオウンドメディア構築・運営サービス
https://kokochie.co.jp/news/%e7%a4%be%e5%93%a1%e3%82%a4%e3%83%b3%e3%82%bf%e3%83%93%e3%83%a5%e3%83%bc%e3%82%92%e8%bf%bd%e5%8a%a0%e3%81%97%e3%81%be%e3%81%97%e3%81%9f/,社員インタビューを追加しました についてのご案内となります。,社員インタビューを追加しました についてのご案内となります。,,ja_JP,株式会社ココチエ KOKOCHIE Inc.,社員インタビューを追加しました | 株式会社ココチエ　KOKOCHIE Inc.,article,https://kokochie.co.jp/news/%e7%a4%be%e5%93%a1%e3%82%a4%e3%83%b3%e3%82%bf%e3%83%93%e3%83%a5%e3%83%bc%e3%82%92%e8%bf%bd%e5%8a%a0%e3%81%97%e3%81%be%e3%81%97%e3%81%9f/,,社員インタビューを追加しました | 株式会社ココチエ　KOKOCHIE Inc.
https://kokochie.co.jp/news/%e3%80%8c%e3%83%91%e3%83%b3%e3%81%ab%e6%81%8b%e3%81%97%e3%81%a6%e3%80%8d2019-summer%e5%8f%b7-%e3%83%aa%e3%83%bc%e3%83%95%e3%83%ac%e3%83%83%e3%83%88%e3%83%aa%e3%83%aa%e3%83%bc%e3%82%b9/,「パンに恋して」2019 SUMMER号 リーフレットリリース についてのご案内となります。,「パンに恋して」2019 SUMMER号 リーフレットリリース についてのご案内となります。,,ja_JP,株式会社ココチエ KOKOCHIE Inc.,「パンに恋して」2019 SUMMER号 リーフレットリリース | 株式会社ココチエ　KOKOCHIE Inc.,article,https://kokochie.co.jp/news/%e3%80%8c%e3%83%91%e3%83%b3%e3%81%ab%e6%81%8b%e3%81%97%e3%81%a6%e3%80%8d2019-summer%e5%8f%b7-%e3%83%aa%e3%83%bc%e3%83%95%e3%83%ac%e3%83%83%e3%83%88%e3%83%aa%e3%83%aa%e3%83%bc%e3%82%b9/,,「パンに恋して」2019 SUMMER号 リーフレットリリース | 株式会社ココチエ　KOKOCHIE Inc.
https://kokochie.co.jp/news/%e3%80%8eimpossible%e3%80%8f%e6%97%a5%e6%9c%ac%e7%89%88%e5%85%ac%e5%bc%8f%e3%82%b5%e3%82%a4%e3%83%88-%e3%83%aa%e3%83%aa%e3%83%bc%e3%82%b9/,『I'mPOSSIBLE』日本版公式サイト リリース についてのご案内となります。,『I'mPOSSIBLE』日本版公式サイト リリース についてのご案内となります。,,ja_JP,株式会社ココチエ KOKOCHIE Inc.,『I'mPOSSIBLE』日本版公式サイト リリース | 株式会社ココチエ　KOKOCHIE Inc.,article,https://kokochie.co.jp/news/%e3%80%8eimpossible%e3%80%8f%e6%97%a5%e6%9c%ac%e7%89%88%e5%85%ac%e5%bc%8f%e3%82%b5%e3%82%a4%e3%83%88-%e3%83%aa%e3%83%aa%e3%83%bc%e3%82%b9/,,『I'mPOSSIBLE』日本版公式サイト リリース | 株式会社ココチエ　KOKOCHIE Inc.
https://kokochie.co.jp/news/%e3%83%91%e3%83%a9%e3%82%b5%e3%83%9dweb-%e3%83%87%e3%82%b6%e3%82%a4%e3%83%b3%e3%83%aa%e3%83%8b%e3%83%a5%e3%83%bc%e3%82%a2%e3%83%ab/,パラサポWEB デザインリニューアル についてのご案内となります。,パラサポWEB デザインリニューアル についてのご案内となります。,,ja_JP,株式会社ココチエ KOKOCHIE Inc.,パラサポWEB デザインリニューアル | 株式会社ココチエ　KOKOCHIE Inc.,article,https://kokochie.co.jp/news/%e3%83%91%e3%83%a9%e3%82%b5%e3%83%9dweb-%e3%83%87%e3%82%b6%e3%82%a4%e3%83%b3%e3%83%aa%e3%83%8b%e3%83%a5%e3%83%bc%e3%82%a2%e3%83%ab/,,パラサポWEB デザインリニューアル | 株式会社ココチエ　KOKOCHIE Inc.
https://kokochie.co.jp/news/%e3%83%91%e3%83%a9%e3%82%b5%e3%83%9d%e5%85%ac%e5%bc%8f%e3%82%b5%e3%82%a4%e3%83%88-%e3%83%aa%e3%83%aa%e3%83%bc%e3%82%b9/,パラサポ公式サイト リリース についてのご案内となります。,パラサポ公式サイト リリース についてのご案内となります。,,ja_JP,株式会社ココチエ KOKOCHIE Inc.,パラサポ公式サイト リリース | 株式会社ココチエ　KOKOCHIE Inc.,article,https://kokochie.co.jp/news/%e3%83%91%e3%83%a9%e3%82%b5%e3%83%9d%e5%85%ac%e5%bc%8f%e3%82%b5%e3%82%a4%e3%83%88-%e3%83%aa%e3%83%aa%e3%83%bc%e3%82%b9/,,パラサポ公式サイト リリース | 株式会社ココチエ　KOKOCHIE Inc.
https://kokochie.co.jp/service/gmark/,中国の訪日観光客が増加する中、日本の様々な企業がインバウンド対策に乗り出していますがインバウンド対策の基本となる5つのポイントをご存知でしょうか。ココチエではインバウンド対策を成功へと導く各ポイントを抑えたトータルマーケティングサービスをご提供します。,中国の訪日観光客が増加する中、日本の様々な企業がインバウンド対策に乗り出していますがインバウンド対策の基本となる5つのポイントをご存知でしょうか。ココチエではインバウンド対策を成功へと導く各ポイントを抑えたトータルマーケティングサービスをご提供します。,,ja_JP,ココチエの中国インバウンド向けトータルプロモーションサービス,ココチエの中国インバウンド向けトータルプロモーションサービス,website,,,ココチエの中国インバウンド向けトータルプロモーションサービス
https://kokochie.co.jp/news/%e3%80%8c%e3%83%91%e3%83%b3%e3%81%ab%e6%81%8b%e3%81%97%e3%81%a6%e3%80%8d2019-autumn%e5%8f%b7-%e3%83%aa%e3%83%bc%e3%83%95%e3%83%ac%e3%83%83%e3%83%88%e3%83%aa%e3%83%aa%e3%83%bc%e3%82%b9/,「パンに恋して」2019 AUTUMN号 リーフレットリリース についてのご案内となります。,「パンに恋して」2019 AUTUMN号 リーフレットリリース についてのご案内となります。,,ja_JP,株式会社ココチエ KOKOCHIE Inc.,「パンに恋して」2019 AUTUMN号 リーフレットリリース | 株式会社ココチエ　KOKOCHIE Inc.,article,https://kokochie.co.jp/news/%e3%80%8c%e3%83%91%e3%83%b3%e3%81%ab%e6%81%8b%e3%81%97%e3%81%a6%e3%80%8d2019-autumn%e5%8f%b7-%e3%83%aa%e3%83%bc%e3%83%95%e3%83%ac%e3%83%83%e3%83%88%e3%83%aa%e3%83%aa%e3%83%bc%e3%82%b9/,,「パンに恋して」2019 AUTUMN号 リーフレットリリース | 株式会社ココチエ　KOKOCHIE Inc.
https://kokochie.co.jp/news/2019%e5%b9%b4%e5%ba%a6%e3%82%b0%e3%83%83%e3%83%89%e3%83%87%e3%82%b6%e3%82%a4%e3%83%b3%e8%b3%9e%e3%82%92%e5%8f%97%e8%b3%9e%ef%bc%81%e3%80%8c%e7%b5%90%e5%a9%9a%e5%bc%8f%e3%81%aeweb%e6%8b%9b%e5%be%85/,2019年度グッドデザイン賞を受賞！「結婚式のWeb招待状 DEAR」 についてのご案内となります。,2019年度グッドデザイン賞を受賞！「結婚式のWeb招待状 DEAR」 についてのご案内となります。,,ja_JP,株式会社ココチエ KOKOCHIE Inc.,2019年度グッドデザイン賞を受賞！「結婚式のWeb招待状 DEAR」 | 株式会社ココチエ　KOKOCHIE Inc.,article,https://kokochie.co.jp/news/2019%e5%b9%b4%e5%ba%a6%e3%82%b0%e3%83%83%e3%83%89%e3%83%87%e3%82%b6%e3%82%a4%e3%83%b3%e8%b3%9e%e3%82%92%e5%8f%97%e8%b3%9e%ef%bc%81%e3%80%8c%e7%b5%90%e5%a9%9a%e5%bc%8f%e3%81%aeweb%e6%8b%9b%e5%be%85/,,2019年度グッドデザイン賞を受賞！「結婚式のWeb招待状 DEAR」 | 株式会社ココチエ　KOKOCHIE Inc.
https://kokochie.co.jp/news/%e3%80%8c%e3%83%91%e3%83%b3%e3%81%ab%e6%81%8b%e3%81%97%e3%81%a6%e3%80%8d2019-chrismas%e5%8f%b7-%e3%83%aa%e3%83%bc%e3%83%95%e3%83%ac%e3%83%83%e3%83%88%e3%83%aa%e3%83%aa%e3%83%bc%e3%82%b9/,「パンに恋して」2019 Chrismas号 リーフレットリリース についてのご案内となります。,「パンに恋して」2019 Chrismas号 リーフレットリリース についてのご案内となります。,,ja_JP,株式会社ココチエ KOKOCHIE Inc.,「パンに恋して」2019 Chrismas号 リーフレットリリース | 株式会社ココチエ　KOKOCHIE Inc.,article,https://kokochie.co.jp/news/%e3%80%8c%e3%83%91%e3%83%b3%e3%81%ab%e6%81%8b%e3%81%97%e3%81%a6%e3%80%8d2019-chrismas%e5%8f%b7-%e3%83%aa%e3%83%bc%e3%83%95%e3%83%ac%e3%83%83%e3%83%88%e3%83%aa%e3%83%aa%e3%83%bc%e3%82%b9/,,「パンに恋して」2019 Chrismas号 リーフレットリリース | 株式会社ココチエ　KOKOCHIE Inc.
http://kokochie.co.jp/privacy/,株式会社ココチエのプライバシーポリシーページです。,株式会社ココチエのプライバシーポリシーページです。,,ja_JP,株式会社ココチエ KOKOCHIE Inc.,プライバシーポリシー | 株式会社ココチエ KOKOCHIE Inc.,article,https://kokochie.co.jp/privacy/,,プライバシーポリシー | 株式会社ココチエ KOKOCHIE Inc.
https://kokochie.co.jp/service/gmark/s05/,中国No1旅行メディア「馬蜂窝（マーフォンウォ）」への掲載でインバウンド観光客の集客を強化。更に、Ｗeibo（ウェイボー）でインフルエンサー（KOL）を起用して、実際に観光地等への取材・訪問動画で、魅力を余すところなく紹介。マーフォンウォへの導線を設定することで、認知の拡大と集客導線を実現していきます。,中国No1旅行メディア「馬蜂窝（マーフォンウォ）」への掲載でインバウンド観光客の集客を強化。更に、Ｗeibo（ウェイボー）でインフルエンサー（KOL）を起用して、実際に観光地等への取材・訪問動画で、魅力を余すところなく紹介。マーフォンウォへの導線を設定することで、認知の拡大と集客導線を実現していきます。,,ja_JP,ココチエの中国インバウンド向け訪日観光客増加サービス,ココチエの中国インバウンド向け訪日観光客増加サービス,website,,,ココチエの中国インバウンド向け訪日観光客増加サービス
https://kokochie.co.jp/service/gmark/s02/,インバウンド対策成功の明暗を分けるのが広告プロモーションです。中国百度(Baidu)リスティング広告から中国最大の旅行サイト携程(CTRIP)などの有名メディアへの出稿、そしてアドネットワーク広告の運用など、インバウンド対策を成功に導くアカウント開設、広告プランニング、配信、レポーティングまでワンオーダーでフルサポートします。,インバウンド対策成功の明暗を分けるのが広告プロモーションです。中国百度(Baidu)リスティング広告から中国最大の旅行サイト携程(CTRIP)などの有名メディアへの出稿、そしてアドネットワーク広告の運用など、インバウンド対策を成功に導くアカウント開設、広告プランニング、配信、レポーティングまでワンオーダーでフルサポートします。,,ja_JP,ココチエの中国インバウンド向け広告運用サービス,ココチエの中国インバウンド向け広告運用サービス,website,,,ココチエの中国インバウンド向け広告運用サービス
https://kokochie.co.jp/service/gmark/s03/,グレートファイアウォールの影響で、中国国内から海外にあるページにアクセスするには、きわめて制限された状況にあります。ココチエではこのような中国特有の環境に対応したホームページ制作から、SEO施策、コンバージョン計測までワンストップで対応いたします。,グレートファイアウォールの影響で、中国国内から海外にあるページにアクセスするには、きわめて制限された状況にあります。ココチエではこのような中国特有の環境に対応したホームページ制作から、SEO施策、コンバージョン計測までワンストップで対応いたします。,,ja_JP,ココチエの中国インバウンド向けホームページ開設サービス,ココチエの中国インバウンド向けホームページ開設サービス,website,,,ココチエの中国インバウンド向けホームページ開設サービス
https://kokochie.co.jp/service/gmark/a/,10億人超へのプロモーション。中国の巨大マーケットへ認知拡大。ココチエの中国インバウンド向けインフルエンサーマーケティングサービスは中国インフルエンサーマーケティングにおいて成功のカギとなる戦略設計、インフルエンサーキャスティング、投稿代行、レポーティングをワンストップで実現。商品やサービスの認知を圧倒的な速さで中国全土へ拡大します。,10億人超へのプロモーション。中国の巨大マーケットへ認知拡大。ココチエの中国インバウンド向けインフルエンサーマーケティングサービスは中国インフルエンサーマーケティングにおいて成功のカギとなる戦略設計、インフルエンサーキャスティング、投稿代行、レポーティングをワンストップで実現。商品やサービスの認知を圧倒的な速さで中国全土へ拡大します。,,ja_JP,ココチエの中国インバウンド向けインフルエンサーマーケティングサービス,ココチエの中国インバウンド向けインフルエンサーマーケティングサービス,website,,,ココチエの中国インバウンド向けインフルエンサーマーケティングサービス
https://kokochie.co.jp/service/gmark/s01/,中国で数億人のユーザーが利用している国民的なコミュニケーションツールの微博（Weibo）と微信（WeChat）。これらに自社の公式アカウントを開設して自社製品・サービスの情報を配信。認知のきっかけを作るのが中国進出の第一歩となります。ココチエでは微博（Weibo）、微信（WeChat）の公式アカウントの取得から開設。運用代行からレポーティングまで全て対応致します。,中国で数億人のユーザーが利用している国民的なコミュニケーションツールの微博（Weibo）と微信（WeChat）。これらに自社の公式アカウントを開設して自社製品・サービスの情報を配信。認知のきっかけを作るのが中国進出の第一歩となります。ココチエでは微博（Weibo）、微信（WeChat）の公式アカウントの取得から開設。運用代行からレポーティングまで全て対応致します。,,ja_JP,ココチエの中国インバウンド向けSNS開設・運用サービス,ココチエの中国インバウンド向けSNS開設・運用サービス,website,,,ココチエの中国インバウンド向けSNS開設・運用サービス
http://kokochie.co.jp/,株式会社ココチエ（KOKOCHIE）のコーポレートサイトです。ココチエでは、事業開発支援、ブランディング支援、マーケティング支援、プロモーション支援、及び自社プロダクト（招待状事業等）の提供を行っており、事業概要、サービス概要、採用情報などをご覧いただけます。,株式会社ココチエ（KOKOCHIE）のコーポレートサイトです。ココチエでは、事業開発支援、ブランディング支援、マーケティング支援、プロモーション支援、及び自社プロダクト（招待状事業等）の提供を行っており、事業概要、サービス概要、採用情報などをご覧いただけます。,,ja_JP,株式会社ココチエ KOKOCHIE Inc.,株式会社ココチエ KOKOCHIE Inc.,website,https://kokochie.co.jp/,,株式会社ココチエ KOKOCHIE Inc.
https://kokochie.co.jp/news/2017%e5%b9%b41%e6%9c%8816%e6%97%a5%ef%bc%88%e6%9c%88%ef%bc%89%e3%82%88%e3%82%8a%e3%80%81%e8%a1%a8%e5%8f%82%e9%81%93%e3%81%ae%e6%96%b0%e3%82%aa%e3%83%95%e3%82%a3%e3%82%b9%e3%81%a7%e6%a5%ad%e5%8b%99/,2017年1月16日（月）より、表参道の新オフィスで業務を開始いたしました についてのご案内となります。,2017年1月16日（月）より、表参道の新オフィスで業務を開始いたしました についてのご案内となります。,,ja_JP,株式会社ココチエ KOKOCHIE Inc.,2017年1月16日（月）より、表参道の新オフィスで業務を開始いたしました | 株式会社ココチエ　KOKOCHIE Inc.,article,https://kokochie.co.jp/news/2017%e5%b9%b41%e6%9c%8816%e6%97%a5%ef%bc%88%e6%9c%88%ef%bc%89%e3%82%88%e3%82%8a%e3%80%81%e8%a1%a8%e5%8f%82%e9%81%93%e3%81%ae%e6%96%b0%e3%82%aa%e3%83%95%e3%82%a3%e3%82%b9%e3%81%a7%e6%a5%ad%e5%8b%99/,,2017年1月16日（月）より、表参道の新オフィスで業務を開始いたしました | 株式会社ココチエ　KOKOCHIE Inc.
https://kokochie.co.jp/news/sheage-%e3%82%a2%e3%83%97%e3%83%aa%e3%83%aa%e3%83%aa%e3%83%bc%e3%82%b9/,Sheage アプリリリース についてのご案内となります。,Sheage アプリリリース についてのご案内となります。,,ja_JP,株式会社ココチエ KOKOCHIE Inc.,Sheage アプリリリース | 株式会社ココチエ　KOKOCHIE Inc.,article,https://kokochie.co.jp/news/sheage-%e3%82%a2%e3%83%97%e3%83%aa%e3%83%aa%e3%83%aa%e3%83%bc%e3%82%b9/,,Sheage アプリリリース | 株式会社ココチエ　KOKOCHIE Inc.
https://kokochie.co.jp/news/%e3%83%9e%e3%83%bc%e3%82%b1%e3%83%86%e3%82%a3%e3%83%b3%e3%82%b0%e5%b0%82%e9%96%80%e3%83%a1%e3%83%87%e3%82%a3%e3%82%a2%e3%80%8c%e3%82%a8%e3%83%a0%e3%83%8f%e3%82%a6%e3%82%ba%e3%80%8d%e3%82%92%e3%83%aa/,マーケティング専門メディア「エムハウズ」をリリース についてのご案内となります。,マーケティング専門メディア「エムハウズ」をリリース についてのご案内となります。,,ja_JP,株式会社ココチエ KOKOCHIE Inc.,マーケティング専門メディア「エムハウズ」をリリース | 株式会社ココチエ　KOKOCHIE Inc.,article,https://kokochie.co.jp/news/%e3%83%9e%e3%83%bc%e3%82%b1%e3%83%86%e3%82%a3%e3%83%b3%e3%82%b0%e5%b0%82%e9%96%80%e3%83%a1%e3%83%87%e3%82%a3%e3%82%a2%e3%80%8c%e3%82%a8%e3%83%a0%e3%83%8f%e3%82%a6%e3%82%ba%e3%80%8d%e3%82%92%e3%83%aa/,,マーケティング専門メディア「エムハウズ」をリリース | 株式会社ココチエ　KOKOCHIE Inc.
https://kokochie.co.jp/news/%e8%a1%8c%e6%94%bf%e5%90%91%e3%81%91%e3%83%8a%e3%83%ac%e3%83%83%e3%82%b8%e3%83%97%e3%83%a9%e3%83%83%e3%83%88%e3%83%95%e3%82%a9%e3%83%bc%e3%83%a0%e3%82%92%e3%83%aa%e3%83%aa%e3%83%bc%e3%82%b9/,行政向けナレッジプラットフォームをリリース についてのご案内となります。,行政向けナレッジプラットフォームをリリース についてのご案内となります。,,ja_JP,株式会社ココチエ KOKOCHIE Inc.,行政向けナレッジプラットフォームをリリース | 株式会社ココチエ　KOKOCHIE Inc.,article,https://kokochie.co.jp/news/%e8%a1%8c%e6%94%bf%e5%90%91%e3%81%91%e3%83%8a%e3%83%ac%e3%83%83%e3%82%b8%e3%83%97%e3%83%a9%e3%83%83%e3%83%88%e3%83%95%e3%82%a9%e3%83%bc%e3%83%a0%e3%82%92%e3%83%aa%e3%83%aa%e3%83%bc%e3%82%b9/,,行政向けナレッジプラットフォームをリリース | 株式会社ココチエ　KOKOCHIE Inc.
https://kokochie.co.jp/news/%e5%8c%bb%e7%99%82%e7%b3%bbcrm%e3%82%a8%e3%83%b3%e3%82%b8%e3%83%b3%e3%82%92%e3%83%aa%e3%83%aa%e3%83%bc%e3%82%b9%e3%81%97%e3%81%be%e3%81%97%e3%81%9f/,医療系CRMエンジンをリリースしました についてのご案内となります。,医療系CRMエンジンをリリースしました についてのご案内となります。,,ja_JP,株式会社ココチエ KOKOCHIE Inc.,医療系CRMエンジンをリリースしました | 株式会社ココチエ　KOKOCHIE Inc.,article,https://kokochie.co.jp/news/%e5%8c%bb%e7%99%82%e7%b3%bbcrm%e3%82%a8%e3%83%b3%e3%82%b8%e3%83%b3%e3%82%92%e3%83%aa%e3%83%aa%e3%83%bc%e3%82%b9%e3%81%97%e3%81%be%e3%81%97%e3%81%9f/,,医療系CRMエンジンをリリースしました | 株式会社ココチエ　KOKOCHIE Inc.
https://kokochie.co.jp/news/%e3%82%a4%e3%83%b3%e3%83%90%e3%82%a6%e3%83%b3%e3%83%89%e5%90%91%e3%81%91%e3%81%ae%e3%82%a4%e3%83%b3%e3%83%95%e3%83%ab%e3%82%a8%e3%83%b3%e3%82%b5%e3%83%bc%e3%83%97%e3%83%ad%e3%83%a2%e3%83%bc%e3%82%b7/,インバウンド向けのインフルエンサープロモーションを開始 についてのご案内となります。,インバウンド向けのインフルエンサープロモーションを開始 についてのご案内となります。,,ja_JP,株式会社ココチエ KOKOCHIE Inc.,インバウンド向けのインフルエンサープロモーションを開始 | 株式会社ココチエ　KOKOCHIE Inc.,article,https://kokochie.co.jp/news/%e3%82%a4%e3%83%b3%e3%83%90%e3%82%a6%e3%83%b3%e3%83%89%e5%90%91%e3%81%91%e3%81%ae%e3%82%a4%e3%83%b3%e3%83%95%e3%83%ab%e3%82%a8%e3%83%b3%e3%82%b5%e3%83%bc%e3%83%97%e3%83%ad%e3%83%a2%e3%83%bc%e3%82%b7/,,インバウンド向けのインフルエンサープロモーションを開始 | 株式会社ココチエ　KOKOCHIE Inc.
https://kokochie.co.jp/news/%e6%9d%b1%e5%8d%97%e3%82%a2%e3%82%b8%e3%82%a2%e5%90%91%e3%81%91%e3%82%a4%e3%83%b3%e3%83%95%e3%83%ab%e3%82%a8%e3%83%b3%e3%82%b5%e3%83%bc%e3%83%97%e3%83%ad%e3%83%a2%e3%83%bc%e3%82%b7%e3%83%a7%e3%83%b3/,東南アジア向けインフルエンサープロモーションを開始 についてのご案内となります。,東南アジア向けインフルエンサープロモーションを開始 についてのご案内となります。,,ja_JP,株式会社ココチエ KOKOCHIE Inc.,東南アジア向けインフルエンサープロモーションを開始 | 株式会社ココチエ　KOKOCHIE Inc.,article,https://kokochie.co.jp/news/%e6%9d%b1%e5%8d%97%e3%82%a2%e3%82%b8%e3%82%a2%e5%90%91%e3%81%91%e3%82%a4%e3%83%b3%e3%83%95%e3%83%ab%e3%82%a8%e3%83%b3%e3%82%b5%e3%83%bc%e3%83%97%e3%83%ad%e3%83%a2%e3%83%bc%e3%82%b7%e3%83%a7%e3%83%b3/,,東南アジア向けインフルエンサープロモーションを開始 | 株式会社ココチエ　KOKOCHIE Inc.
https://kokochie.co.jp/news/%e3%80%8cnews2u%e3%83%aa%e3%83%aa%e3%83%bc%e3%82%b9%e3%80%8d%e3%81%a8%e6%8f%90%e6%90%ba%e3%81%97%e3%80%81%e3%83%8b%e3%83%a5%e3%83%bc%e3%82%b9%e3%83%aa%e3%83%aa%e3%83%bc%e3%82%b9%e3%81%ae%e9%85%8d/,「News2uリリース」と提携し、ニュースリリースの配信を開始 についてのご案内となります。,「News2uリリース」と提携し、ニュースリリースの配信を開始 についてのご案内となります。,,ja_JP,株式会社ココチエ KOKOCHIE Inc.,「News2uリリース」と提携し、ニュースリリースの配信を開始 | 株式会社ココチエ　KOKOCHIE Inc.,article,https://kokochie.co.jp/news/%e3%80%8cnews2u%e3%83%aa%e3%83%aa%e3%83%bc%e3%82%b9%e3%80%8d%e3%81%a8%e6%8f%90%e6%90%ba%e3%81%97%e3%80%81%e3%83%8b%e3%83%a5%e3%83%bc%e3%82%b9%e3%83%aa%e3%83%aa%e3%83%bc%e3%82%b9%e3%81%ae%e9%85%8d/,,「News2uリリース」と提携し、ニュースリリースの配信を開始 | 株式会社ココチエ　KOKOCHIE Inc.
https://kokochie.co.jp/news/keiretsu-forum%e3%81%aeweb%e3%82%b7%e3%82%b9%e3%83%86%e3%83%a0%e3%82%92%e3%83%aa%e3%83%aa%e3%83%bc%e3%82%b9/,KEIRETSU FORUMのWEBシステムをリリース についてのご案内となります。,KEIRETSU FORUMのWEBシステムをリリース についてのご案内となります。,,ja_JP,株式会社ココチエ KOKOCHIE Inc.,KEIRETSU FORUMのWEBシステムをリリース | 株式会社ココチエ　KOKOCHIE Inc.,article,https://kokochie.co.jp/news/keiretsu-forum%e3%81%aeweb%e3%82%b7%e3%82%b9%e3%83%86%e3%83%a0%e3%82%92%e3%83%aa%e3%83%aa%e3%83%bc%e3%82%b9/,,KEIRETSU FORUMのWEBシステムをリリース | 株式会社ココチエ　KOKOCHIE Inc.
https://kokochie.co.jp/news/oliviersco%e3%81%ae%e3%83%9e%e3%83%bc%e3%82%b1%e3%83%86%e3%82%a3%e3%83%b3%e3%82%b0%e3%82%b5%e3%83%9d%e3%83%bc%e3%83%88/,OLIVIERS&COのマーケティングサポート についてのご案内となります。,OLIVIERS&COのマーケティングサポート についてのご案内となります。,,ja_JP,株式会社ココチエ KOKOCHIE Inc.,OLIVIERS&COのマーケティングサポート | 株式会社ココチエ　KOKOCHIE Inc.,article,https://kokochie.co.jp/news/oliviersco%e3%81%ae%e3%83%9e%e3%83%bc%e3%82%b1%e3%83%86%e3%82%a3%e3%83%b3%e3%82%b0%e3%82%b5%e3%83%9d%e3%83%bc%e3%83%88/,,OLIVIERS&COのマーケティングサポート | 株式会社ココチエ　KOKOCHIE Inc.
https://kokochie.co.jp/news/%e7%b5%90%e5%a9%9a%e5%bc%8f%e3%81%aeweb%e6%8b%9b%e5%be%85%e7%8a%b6%e3%82%a2%e3%83%97%e3%83%aa%e3%80%8cdear%e3%80%8d-%e3%83%aa%e3%83%8b%e3%83%a5%e3%83%bc%e3%82%a2%e3%83%ab/,結婚式のWEB招待状アプリ「DEAR」 リニューアル についてのご案内となります。,結婚式のWEB招待状アプリ「DEAR」 リニューアル についてのご案内となります。,,ja_JP,株式会社ココチエ KOKOCHIE Inc.,結婚式のWEB招待状アプリ「DEAR」 リニューアル | 株式会社ココチエ　KOKOCHIE Inc.,article,https://kokochie.co.jp/news/%e7%b5%90%e5%a9%9a%e5%bc%8f%e3%81%aeweb%e6%8b%9b%e5%be%85%e7%8a%b6%e3%82%a2%e3%83%97%e3%83%aa%e3%80%8cdear%e3%80%8d-%e3%83%aa%e3%83%8b%e3%83%a5%e3%83%bc%e3%82%a2%e3%83%ab/,,結婚式のWEB招待状アプリ「DEAR」 リニューアル | 株式会社ココチエ　KOKOCHIE Inc.
http://kokochie.co.jp/news/web%e6%8b%9b%e5%be%85%e7%8a%b6dear%ef%bd%9c%e6%97%a5%e6%9c%ac%e7%b5%8c%e6%b8%88%e6%96%b0%e8%81%9e%e3%80%8e%e7%9f%a5%e3%81%a3%e3%81%a8%e3%81%8f%e3%83%88%e3%82%af%e3%80%8f%e3%81%a7%e7%b4%b9%e4%bb%8b/,Web招待状DEAR｜日本経済新聞『知っとくトク』で紹介されました についてのご案内となります。,Web招待状DEAR｜日本経済新聞『知っとくトク』で紹介されました についてのご案内となります。,,ja_JP,株式会社ココチエ KOKOCHIE Inc.,Web招待状DEAR｜日本経済新聞『知っとくトク』で紹介されました | 株式会社ココチエ　KOKOCHIE Inc.,article,https://kokochie.co.jp/news/web%e6%8b%9b%e5%be%85%e7%8a%b6dear%ef%bd%9c%e6%97%a5%e6%9c%ac%e7%b5%8c%e6%b8%88%e6%96%b0%e8%81%9e%e3%80%8e%e7%9f%a5%e3%81%a3%e3%81%a8%e3%81%8f%e3%83%88%e3%82%af%e3%80%8f%e3%81%a7%e7%b4%b9%e4%bb%8b/,,Web招待状DEAR｜日本経済新聞『知っとくトク』で紹介されました | 株式会社ココチエ　KOKOCHIE Inc.
http://kokochie.co.jp/news/%e3%80%8c%e3%83%91%e3%83%b3%e3%81%ab%e6%81%8b%e3%81%97%e3%81%a6%e3%80%8d-2021-summer%e5%8f%b7-%e3%83%aa%e3%83%bc%e3%83%95%e3%83%ac%e3%83%83%e3%83%88%e3%83%aa%e3%83%aa%e3%83%bc%e3%82%b9/,「パンに恋して」 2021 Summer号 リーフレットリリース についてのご案内となります。,「パンに恋して」 2021 Summer号 リーフレットリリース についてのご案内となります。,,ja_JP,株式会社ココチエ KOKOCHIE Inc.,「パンに恋して」 2021 Summer号 リーフレットリリース | 株式会社ココチエ　KOKOCHIE Inc.,article,https://kokochie.co.jp/news/%e3%80%8c%e3%83%91%e3%83%b3%e3%81%ab%e6%81%8b%e3%81%97%e3%81%a6%e3%80%8d-2021-summer%e5%8f%b7-%e3%83%aa%e3%83%bc%e3%83%95%e3%83%ac%e3%83%83%e3%83%88%e3%83%aa%e3%83%aa%e3%83%bc%e3%82%b9/,,「パンに恋して」 2021 Summer号 リーフレットリリース | 株式会社ココチエ　KOKOCHIE Inc.
http://kokochie.co.jp/news/web%E6%8B%9B%E5%BE%85%E7%8A%B6dear%EF%BD%9C%E6%8B%9B%E5%BE%85%E7%8A%B6%E3%81%AE%E6%96%B0%E3%83%87%E3%82%B6%E3%82%A4%E3%83%B3%E3%80%8C%E3%82%A2%E3%83%A1%E3%82%A4%E3%82%B8%E3%83%B3%E3%82%B0%E3%82%B8/,Web招待状DEAR｜招待状の新デザイン「アメイジングジャーニー」を追加リリース についてのご案内となります。,Web招待状DEAR｜招待状の新デザイン「アメイジングジャーニー」を追加リリース についてのご案内となります。,,ja_JP,株式会社ココチエ KOKOCHIE Inc.,Web招待状DEAR｜招待状の新デザイン「アメイジングジャーニー」を追加リリース | 株式会社ココチエ　KOKOCHIE Inc.,article,https://kokochie.co.jp/news/web%e6%8b%9b%e5%be%85%e7%8a%b6dear%ef%bd%9c%e6%8b%9b%e5%be%85%e7%8a%b6%e3%81%ae%e6%96%b0%e3%83%87%e3%82%b6%e3%82%a4%e3%83%b3%e3%80%8c%e3%82%a2%e3%83%a1%e3%82%a4%e3%82%b8%e3%83%b3%e3%82%b0%e3%82%b8/,,Web招待状DEAR｜招待状の新デザイン「アメイジングジャーニー」を追加リリース | 株式会社ココチエ　KOKOCHIE Inc.
http://kokochie.co.jp/news/%e3%80%8c%e5%a4%96%e9%a3%9f%e3%81%af%e3%83%81%e3%82%ab%e3%83%a9%e3%81%ab%e3%81%aa%e3%82%8b%e3%80%8d%e3%82%ad%e3%83%a3%e3%83%b3%e3%83%9a%e3%83%bc%e3%83%b3%e3%82%b5%e3%82%a4%e3%83%88%e3%83%aa%e3%83%aa/,「#外食はチカラになる」キャンペーンサイトリリース についてのご案内となります。,「#外食はチカラになる」キャンペーンサイトリリース についてのご案内となります。,,ja_JP,株式会社ココチエ KOKOCHIE Inc.,「#外食はチカラになる」キャンペーンサイトリリース | 株式会社ココチエ　KOKOCHIE Inc.,article,https://kokochie.co.jp/news/%e3%80%8c%e5%a4%96%e9%a3%9f%e3%81%af%e3%83%81%e3%82%ab%e3%83%a9%e3%81%ab%e3%81%aa%e3%82%8b%e3%80%8d%e3%82%ad%e3%83%a3%e3%83%b3%e3%83%9a%e3%83%bc%e3%83%b3%e3%82%b5%e3%82%a4%e3%83%88%e3%83%aa%e3%83%aa/,,「#外食はチカラになる」キャンペーンサイトリリース | 株式会社ココチエ　KOKOCHIE Inc.
http://kokochie.co.jp/news/%E3%80%8C%E3%83%91%E3%83%B3%E3%81%AB%E6%81%8B%E3%81%97%E3%81%A6%E3%80%8D-2021-christmas%E5%8F%B7-%E3%83%AA%E3%83%BC%E3%83%95%E3%83%AC%E3%83%83%E3%83%88%E3%83%AA%E3%83%AA%E3%83%BC%E3%82%B9/,「パンに恋して」 2021 Christmas号 リーフレットリリース についてのご案内となります。,「パンに恋して」 2021 Christmas号 リーフレットリリース についてのご案内となります。,,ja_JP,株式会社ココチエ KOKOCHIE Inc.,「パンに恋して」 2021 Christmas号 リーフレットリリース | 株式会社ココチエ　KOKOCHIE Inc.,article,https://kokochie.co.jp/news/%e3%80%8c%e3%83%91%e3%83%b3%e3%81%ab%e6%81%8b%e3%81%97%e3%81%a6%e3%80%8d-2021-christmas%e5%8f%b7-%e3%83%aa%e3%83%bc%e3%83%95%e3%83%ac%e3%83%83%e3%83%88%e3%83%aa%e3%83%aa%e3%83%bc%e3%82%b9/,,「パンに恋して」 2021 Christmas号 リーフレットリリース | 株式会社ココチエ　KOKOCHIE Inc.
https://kokochie.co.jp/news/%e7%99%bd%e9%a6%ac%e5%b1%b1%e9%ba%93%e3%83%91%e3%83%b3%e3%83%95%e3%83%ac%e3%83%83%e3%83%88%e3%83%aa%e3%83%aa%e3%83%bc%e3%82%b9/,白馬山麓パンフレットリリース についてのご案内となります。,白馬山麓パンフレットリリース についてのご案内となります。,,ja_JP,株式会社ココチエ KOKOCHIE Inc.,白馬山麓パンフレットリリース | 株式会社ココチエ　KOKOCHIE Inc.,article,https://kokochie.co.jp/news/%e7%99%bd%e9%a6%ac%e5%b1%b1%e9%ba%93%e3%83%91%e3%83%b3%e3%83%95%e3%83%ac%e3%83%83%e3%83%88%e3%83%aa%e3%83%aa%e3%83%bc%e3%82%b9/,,白馬山麓パンフレットリリース | 株式会社ココチエ　KOKOCHIE Inc.
https://kokochie.co.jp/news/oliviersco%e3%83%96%e3%83%a9%e3%83%b3%e3%83%89%e3%82%b5%e3%82%a4%e3%83%88%e3%82%92%e3%83%aa%e3%83%aa%e3%83%bc%e3%82%b9/,OLIVIERS&COブランドサイトをリリース についてのご案内となります。,OLIVIERS&COブランドサイトをリリース についてのご案内となります。,,ja_JP,株式会社ココチエ KOKOCHIE Inc.,OLIVIERS&COブランドサイトをリリース | 株式会社ココチエ　KOKOCHIE Inc.,article,https://kokochie.co.jp/news/oliviersco%e3%83%96%e3%83%a9%e3%83%b3%e3%83%89%e3%82%b5%e3%82%a4%e3%83%88%e3%82%92%e3%83%aa%e3%83%aa%e3%83%bc%e3%82%b9/,,OLIVIERS&COブランドサイトをリリース | 株式会社ココチエ　KOKOCHIE Inc.
https://kokochie.co.jp/news/wow%e3%83%86%e3%82%a3%e3%82%b6%e3%83%bc%e3%82%b5%e3%82%a4%e3%83%88%e3%83%aa%e3%83%aa%e3%83%bc%e3%82%b9/,WOW!ティザーサイトリリース についてのご案内となります。,WOW!ティザーサイトリリース についてのご案内となります。,,ja_JP,株式会社ココチエ KOKOCHIE Inc.,WOW!ティザーサイトリリース | 株式会社ココチエ　KOKOCHIE Inc.,article,https://kokochie.co.jp/news/wow%e3%83%86%e3%82%a3%e3%82%b6%e3%83%bc%e3%82%b5%e3%82%a4%e3%83%88%e3%83%aa%e3%83%aa%e3%83%bc%e3%82%b9/,,WOW!ティザーサイトリリース | 株式会社ココチエ　KOKOCHIE Inc.
https://kokochie.co.jp/works/cosmetic-surgery-works01-2/,大手美容整形グループ のプロジェクト概要についてのご紹介です。株式会社ココチエが担当したプロジェクトの概要をご紹介します。,大手美容整形グループ のプロジェクト概要についてのご紹介です。株式会社ココチエが担当したプロジェクトの概要をご紹介します。,,ja_JP,株式会社ココチエ KOKOCHIE Inc.,大手美容整形グループ | 株式会社ココチエ KOKOCHIE Inc.,article,https://kokochie.co.jp/works/cosmetic-surgery-works01-2/,,大手美容整形グループ | 株式会社ココチエ KOKOCHIE Inc.
http://kokochie.co.jp/news/,株式会社ココチエからのお知らせをお届けしています。,,,ja_JP,株式会社ココチエ KOKOCHIE Inc.,NEWS | 株式会社ココチエ KOKOCHIE Inc.,object,https://kokochie.co.jp/news/,,NEWS | 株式会社ココチエ KOKOCHIE Inc.
https://kokochie.co.jp/works/keiretsu-forum/,KEIRETSU FORUM のプロジェクト概要についてのご紹介です。株式会社ココチエが担当したプロジェクトの概要をご紹介します。,KEIRETSU FORUM のプロジェクト概要についてのご紹介です。株式会社ココチエが担当したプロジェクトの概要をご紹介します。,,ja_JP,株式会社ココチエ KOKOCHIE Inc.,KEIRETSU FORUM | 株式会社ココチエ KOKOCHIE Inc.,article,https://kokochie.co.jp/works/keiretsu-forum/,,KEIRETSU FORUM | 株式会社ココチエ KOKOCHIE Inc.
https://kokochie.co.jp/works/moknos/,モノス（MoKnos） のプロジェクト概要についてのご紹介です。株式会社ココチエが担当したプロジェクトの概要をご紹介します。,モノス（MoKnos） のプロジェクト概要についてのご紹介です。株式会社ココチエが担当したプロジェクトの概要をご紹介します。,,ja_JP,株式会社ココチエ KOKOCHIE Inc.,モノス（MoKnos） | 株式会社ココチエ KOKOCHIE Inc.,article,https://kokochie.co.jp/works/moknos/,,モノス（MoKnos） | 株式会社ココチエ KOKOCHIE Inc.
https://kokochie.co.jp/works/bunoit/,ブノワ株式会社 のプロジェクト概要についてのご紹介です。株式会社ココチエが担当したプロジェクトの概要をご紹介します。,ブノワ株式会社 のプロジェクト概要についてのご紹介です。株式会社ココチエが担当したプロジェクトの概要をご紹介します。,,ja_JP,株式会社ココチエ KOKOCHIE Inc.,ブノワ株式会社 | 株式会社ココチエ KOKOCHIE Inc.,article,https://kokochie.co.jp/works/bunoit/,,ブノワ株式会社 | 株式会社ココチエ KOKOCHIE Inc.
https://kokochie.co.jp/works/yoshimei/,株式会社吉銘 のプロジェクト概要についてのご紹介です。株式会社ココチエが担当したプロジェクトの概要をご紹介します。,株式会社吉銘 のプロジェクト概要についてのご紹介です。株式会社ココチエが担当したプロジェクトの概要をご紹介します。,,ja_JP,株式会社ココチエ KOKOCHIE Inc.,株式会社吉銘 | 株式会社ココチエ KOKOCHIE Inc.,article,https://kokochie.co.jp/works/yoshimei/,,株式会社吉銘 | 株式会社ココチエ KOKOCHIE Inc.
https://kokochie.co.jp/works/rasin/,RASIN のプロジェクト概要についてのご紹介です。株式会社ココチエが担当したプロジェクトの概要をご紹介します。,RASIN のプロジェクト概要についてのご紹介です。株式会社ココチエが担当したプロジェクトの概要をご紹介します。,,ja_JP,株式会社ココチエ KOKOCHIE Inc.,RASIN | 株式会社ココチエ KOKOCHIE Inc.,article,https://kokochie.co.jp/works/rasin/,,RASIN | 株式会社ココチエ KOKOCHIE Inc.
https://kokochie.co.jp/works/suzukacircuit/,鈴鹿サーキット のプロジェクト概要についてのご紹介です。株式会社ココチエが担当したプロジェクトの概要をご紹介します。,鈴鹿サーキット のプロジェクト概要についてのご紹介です。株式会社ココチエが担当したプロジェクトの概要をご紹介します。,,ja_JP,株式会社ココチエ KOKOCHIE Inc.,鈴鹿サーキット | 株式会社ココチエ KOKOCHIE Inc.,article,https://kokochie.co.jp/works/suzukacircuit/,,鈴鹿サーキット | 株式会社ココチエ KOKOCHIE Inc.
https://kokochie.co.jp/works/onward/,オンワード樫山 のプロジェクト概要についてのご紹介です。株式会社ココチエが担当したプロジェクトの概要をご紹介します。,オンワード樫山 のプロジェクト概要についてのご紹介です。株式会社ココチエが担当したプロジェクトの概要をご紹介します。,,ja_JP,株式会社ココチエ KOKOCHIE Inc.,オンワード樫山 | 株式会社ココチエ KOKOCHIE Inc.,article,https://kokochie.co.jp/works/onward/,,オンワード樫山 | 株式会社ココチエ KOKOCHIE Inc.
https://kokochie.co.jp/works/pref-nagasaki/,長崎県 のプロジェクト概要についてのご紹介です。株式会社ココチエが担当したプロジェクトの概要をご紹介します。,長崎県 のプロジェクト概要についてのご紹介です。株式会社ココチエが担当したプロジェクトの概要をご紹介します。,,ja_JP,株式会社ココチエ KOKOCHIE Inc.,長崎県 | 株式会社ココチエ KOKOCHIE Inc.,article,https://kokochie.co.jp/works/pref-nagasaki/,,長崎県 | 株式会社ココチエ KOKOCHIE Inc.
https://kokochie.co.jp/works/hokkaidocho/,北海道庁 のプロジェクト概要についてのご紹介です。株式会社ココチエが担当したプロジェクトの概要をご紹介します。,北海道庁 のプロジェクト概要についてのご紹介です。株式会社ココチエが担当したプロジェクトの概要をご紹介します。,,ja_JP,株式会社ココチエ KOKOCHIE Inc.,北海道庁 | 株式会社ココチエ KOKOCHIE Inc.,article,https://kokochie.co.jp/works/hokkaidocho/,,北海道庁 | 株式会社ココチエ KOKOCHIE Inc.
https://kokochie.co.jp/works/donq/,DONQ のプロジェクト概要についてのご紹介です。株式会社ココチエが担当したプロジェクトの概要をご紹介します。,DONQ のプロジェクト概要についてのご紹介です。株式会社ココチエが担当したプロジェクトの概要をご紹介します。,,ja_JP,株式会社ココチエ KOKOCHIE Inc.,DONQ | 株式会社ココチエ KOKOCHIE Inc.,article,https://kokochie.co.jp/works/donq/,,DONQ | 株式会社ココチエ KOKOCHIE Inc.
https://kokochie.co.jp/works/yoshinoya/,株式会社吉野家 のプロジェクト概要についてのご紹介です。株式会社ココチエが担当したプロジェクトの概要をご紹介します。,株式会社吉野家 のプロジェクト概要についてのご紹介です。株式会社ココチエが担当したプロジェクトの概要をご紹介します。,,ja_JP,株式会社ココチエ KOKOCHIE Inc.,株式会社吉野家 | 株式会社ココチエ KOKOCHIE Inc.,article,https://kokochie.co.jp/works/yoshinoya/,,株式会社吉野家 | 株式会社ココチエ KOKOCHIE Inc.
https://kokochie.co.jp/works/oliviersandco/,OLIVIERS&CO のプロジェクト概要についてのご紹介です。株式会社ココチエが担当したプロジェクトの概要をご紹介します。,OLIVIERS&CO のプロジェクト概要についてのご紹介です。株式会社ココチエが担当したプロジェクトの概要をご紹介します。,,ja_JP,株式会社ココチエ KOKOCHIE Inc.,OLIVIERS&CO | 株式会社ココチエ KOKOCHIE Inc.,article,https://kokochie.co.jp/works/oliviersandco/,,OLIVIERS&CO | 株式会社ココチエ KOKOCHIE Inc.
https://kokochie.co.jp/works/melvita/,メルヴィータ のプロジェクト概要についてのご紹介です。株式会社ココチエが担当したプロジェクトの概要をご紹介します。,メルヴィータ のプロジェクト概要についてのご紹介です。株式会社ココチエが担当したプロジェクトの概要をご紹介します。,,ja_JP,株式会社ココチエ KOKOCHIE Inc.,メルヴィータ | 株式会社ココチエ KOKOCHIE Inc.,article,https://kokochie.co.jp/works/melvita/,,メルヴィータ | 株式会社ココチエ KOKOCHIE Inc.
https://kokochie.co.jp/works/loccitane/,ロクシタンジャポン のプロジェクト概要についてのご紹介です。株式会社ココチエが担当したプロジェクトの概要をご紹介します。,ロクシタンジャポン のプロジェクト概要についてのご紹介です。株式会社ココチエが担当したプロジェクトの概要をご紹介します。,,ja_JP,株式会社ココチエ KOKOCHIE Inc.,ロクシタンジャポン | 株式会社ココチエ KOKOCHIE Inc.,article,https://kokochie.co.jp/works/loccitane/,,ロクシタンジャポン | 株式会社ココチエ KOKOCHIE Inc.
https://kokochie.co.jp/works/hakubakankou/,白馬観光プロジェクト のプロジェクト概要についてのご紹介です。株式会社ココチエが担当したプロジェクトの概要をご紹介します。,白馬観光プロジェクト のプロジェクト概要についてのご紹介です。株式会社ココチエが担当したプロジェクトの概要をご紹介します。,,ja_JP,株式会社ココチエ KOKOCHIE Inc.,白馬観光プロジェクト | 株式会社ココチエ KOKOCHIE Inc.,article,https://kokochie.co.jp/works/hakubakankou/,,白馬観光プロジェクト | 株式会社ココチエ KOKOCHIE Inc.
https://kokochie.co.jp/works/parasapo_web/,日本財団パラリンピックサポートセンター「パラサポWEB」 のプロジェクト概要についてのご紹介です。株式会社ココチエが担当したプロジェクトの概要をご紹介します。,日本財団パラリンピックサポートセンター「パラサポWEB」 のプロジェクト概要についてのご紹介です。株式会社ココチエが担当したプロジェクトの概要をご紹介します。,,ja_JP,株式会社ココチエ KOKOCHIE Inc.,日本財団パラリンピックサポートセンター「パラサポWEB」 | 株式会社ココチエ KOKOCHIE Inc.,article,https://kokochie.co.jp/works/parasapo_web/,,日本財団パラリンピックサポートセンター「パラサポWEB」 | 株式会社ココチエ KOKOCHIE Inc.
https://kokochie.co.jp/works/parasapo_brand/,日本財団パラリンピックサポートセンター公式サイト のプロジェクト概要についてのご紹介です。株式会社ココチエが担当したプロジェクトの概要をご紹介します。,日本財団パラリンピックサポートセンター公式サイト のプロジェクト概要についてのご紹介です。株式会社ココチエが担当したプロジェクトの概要をご紹介します。,,ja_JP,株式会社ココチエ KOKOCHIE Inc.,日本財団パラリンピックサポートセンター公式サイト | 株式会社ココチエ KOKOCHIE Inc.,article,https://kokochie.co.jp/works/parasapo_brand/,,日本財団パラリンピックサポートセンター公式サイト | 株式会社ココチエ KOKOCHIE Inc.
https://kokochie.co.jp/works/sheage/,東急不動産ホールディングス「Sheage」 のプロジェクト概要についてのご紹介です。株式会社ココチエが担当したプロジェクトの概要をご紹介します。,東急不動産ホールディングス「Sheage」 のプロジェクト概要についてのご紹介です。株式会社ココチエが担当したプロジェクトの概要をご紹介します。,,ja_JP,株式会社ココチエ KOKOCHIE Inc.,東急不動産ホールディングス「Sheage」 | 株式会社ココチエ KOKOCHIE Inc.,article,https://kokochie.co.jp/works/sheage/,,東急不動産ホールディングス「Sheage」 | 株式会社ココチエ KOKOCHIE Inc.
https://kokochie.co.jp/works/avocado/,メキシコ産アボカド生産者・輸出梱包業者協会 のプロジェクト概要についてのご紹介です。株式会社ココチエが担当したプロジェクトの概要をご紹介します。,メキシコ産アボカド生産者・輸出梱包業者協会 のプロジェクト概要についてのご紹介です。株式会社ココチエが担当したプロジェクトの概要をご紹介します。,,ja_JP,株式会社ココチエ KOKOCHIE Inc.,メキシコ産アボカド生産者・輸出梱包業者協会 | 株式会社ココチエ KOKOCHIE Inc.,article,https://kokochie.co.jp/works/avocado/,,メキシコ産アボカド生産者・輸出梱包業者協会 | 株式会社ココチエ KOKOCHIE Inc.
https://kokochie.co.jp/works/%e6%a0%aa%e5%bc%8f%e4%bc%9a%e7%a4%be%e5%ad%a6%e7%94%9f%e5%b0%b1%e6%a5%ad%e6%94%af%e6%8f%b4%e3%82%bb%e3%83%b3%e3%82%bf%e3%83%bc/,株式会社学生就業支援センター のプロジェクト概要についてのご紹介です。株式会社ココチエが担当したプロジェクトの概要をご紹介します。,株式会社学生就業支援センター のプロジェクト概要についてのご紹介です。株式会社ココチエが担当したプロジェクトの概要をご紹介します。,,ja_JP,株式会社ココチエ KOKOCHIE Inc.,株式会社学生就業支援センター | 株式会社ココチエ KOKOCHIE Inc.,article,https://kokochie.co.jp/works/%e6%a0%aa%e5%bc%8f%e4%bc%9a%e7%a4%be%e5%ad%a6%e7%94%9f%e5%b0%b1%e6%a5%ad%e6%94%af%e6%8f%b4%e3%82%bb%e3%83%b3%e3%82%bf%e3%83%bc/,,株式会社学生就業支援センター | 株式会社ココチエ KOKOCHIE Inc.
https://kokochie.co.jp/works/%e3%82%b3%e3%82%a2%e3%83%bc%e3%82%ba/,コアーズ のプロジェクト概要についてのご紹介です。株式会社ココチエが担当したプロジェクトの概要をご紹介します。,コアーズ のプロジェクト概要についてのご紹介です。株式会社ココチエが担当したプロジェクトの概要をご紹介します。,,ja_JP,株式会社ココチエ KOKOCHIE Inc.,コアーズ | 株式会社ココチエ KOKOCHIE Inc.,article,https://kokochie.co.jp/works/%e3%82%b3%e3%82%a2%e3%83%bc%e3%82%ba/,,コアーズ | 株式会社ココチエ KOKOCHIE Inc.
https://kokochie.co.jp/works/%e6%97%a5%e6%9c%ac%e8%b2%a1%e5%9b%a3%e3%83%9c%e3%83%a9%e3%83%b3%e3%83%86%e3%82%a3%e3%82%a2-%e3%82%b5%e3%83%9d%e3%83%bc%e3%83%88%e3%82%bb%e3%83%b3%e3%82%bf%e3%83%bc/,日本財団ボランティアサポートセンター のプロジェクト概要についてのご紹介です。株式会社ココチエが担当したプロジェクトの概要をご紹介します。,日本財団ボランティアサポートセンター のプロジェクト概要についてのご紹介です。株式会社ココチエが担当したプロジェクトの概要をご紹介します。,,ja_JP,株式会社ココチエ KOKOCHIE Inc.,日本財団ボランティアサポートセンター | 株式会社ココチエ KOKOCHIE Inc.,article,https://kokochie.co.jp/works/%e6%97%a5%e6%9c%ac%e8%b2%a1%e5%9b%a3%e3%83%9c%e3%83%a9%e3%83%b3%e3%83%86%e3%82%a3%e3%82%a2-%e3%82%b5%e3%83%9d%e3%83%bc%e3%83%88%e3%82%bb%e3%83%b3%e3%82%bf%e3%83%bc/,,日本財団ボランティアサポートセンター | 株式会社ココチエ KOKOCHIE Inc.
https://kokochie.co.jp/works/%e9%85%a2%e9%87%8d%e6%ad%a3%e4%b9%8b%e5%95%86%e5%ba%97%e3%82%aa%e3%83%b3%e3%83%a9%e3%82%a4%e3%83%b3%e3%82%b7%e3%83%a7%e3%83%83%e3%83%97/,酢重正之商店オンラインショップ のプロジェクト概要についてのご紹介です。株式会社ココチエが担当したプロジェクトの概要をご紹介します。,酢重正之商店オンラインショップ のプロジェクト概要についてのご紹介です。株式会社ココチエが担当したプロジェクトの概要をご紹介します。,,ja_JP,株式会社ココチエ KOKOCHIE Inc.,酢重正之商店オンラインショップ | 株式会社ココチエ KOKOCHIE Inc.,article,https://kokochie.co.jp/works/%e9%85%a2%e9%87%8d%e6%ad%a3%e4%b9%8b%e5%95%86%e5%ba%97%e3%82%aa%e3%83%b3%e3%83%a9%e3%82%a4%e3%83%b3%e3%82%b7%e3%83%a7%e3%83%83%e3%83%97/,,酢重正之商店オンラインショップ | 株式会社ココチエ KOKOCHIE Inc.
https://kokochie.co.jp/works/%e6%a0%aa%e5%bc%8f%e4%bc%9a%e7%a4%be%e3%83%95%e3%82%a9%e3%83%b3%e3%82%b9/,株式会社フォンス のプロジェクト概要についてのご紹介です。株式会社ココチエが担当したプロジェクトの概要をご紹介します。,株式会社フォンス のプロジェクト概要についてのご紹介です。株式会社ココチエが担当したプロジェクトの概要をご紹介します。,,ja_JP,株式会社ココチエ KOKOCHIE Inc.,株式会社フォンス | 株式会社ココチエ KOKOCHIE Inc.,article,https://kokochie.co.jp/works/%e6%a0%aa%e5%bc%8f%e4%bc%9a%e7%a4%be%e3%83%95%e3%82%a9%e3%83%b3%e3%82%b9/,,株式会社フォンス | 株式会社ココチエ KOKOCHIE Inc.
https://kokochie.co.jp/works/%e5%a4%96%e9%a3%9f%e3%81%af%e3%83%81%e3%82%ab%e3%83%a9%e3%81%ab%e3%81%aa%e3%82%8b%e5%ae%9f%e8%a1%8c%e5%a7%94%e5%93%a1%e4%bc%9a/,外食はチカラになる実行委員会 のプロジェクト概要についてのご紹介です。株式会社ココチエが担当したプロジェクトの概要をご紹介します。,外食はチカラになる実行委員会 のプロジェクト概要についてのご紹介です。株式会社ココチエが担当したプロジェクトの概要をご紹介します。,,ja_JP,株式会社ココチエ KOKOCHIE Inc.,外食はチカラになる実行委員会 | 株式会社ココチエ KOKOCHIE Inc.,article,https://kokochie.co.jp/works/%e5%a4%96%e9%a3%9f%e3%81%af%e3%83%81%e3%82%ab%e3%83%a9%e3%81%ab%e3%81%aa%e3%82%8b%e5%ae%9f%e8%a1%8c%e5%a7%94%e5%93%a1%e4%bc%9a/,,外食はチカラになる実行委員会 | 株式会社ココチエ KOKOCHIE Inc.
https://kokochie.co.jp/recruit/joboffer/,株式会社ココチエの募集職種一覧のページです。,株式会社ココチエの募集職種一覧のページです。,,ja_JP,株式会社ココチエ KOKOCHIE Inc.,募集職種一覧 | 株式会社ココチエ KOKOCHIE Inc.,article,https://kokochie.co.jp/recruit/joboffer/,,募集職種一覧 | 株式会社ココチエ KOKOCHIE Inc.
https://kokochie.co.jp/news/sheage-%e4%ba%ac%e9%83%bd%e7%89%b9%e9%9b%86%e3%82%b5%e3%82%a4%e3%83%88%e3%83%aa%e3%83%aa%e3%83%bc%e3%82%b9/,Sheage 京都特集サイトリリース についてのご案内となります。,Sheage 京都特集サイトリリース についてのご案内となります。,,ja_JP,株式会社ココチエ KOKOCHIE Inc.,Sheage 京都特集サイトリリース | 株式会社ココチエ　KOKOCHIE Inc.,article,https://kokochie.co.jp/news/sheage-%e4%ba%ac%e9%83%bd%e7%89%b9%e9%9b%86%e3%82%b5%e3%82%a4%e3%83%88%e3%83%aa%e3%83%aa%e3%83%bc%e3%82%b9/,,Sheage 京都特集サイトリリース | 株式会社ココチエ　KOKOCHIE Inc.
https://kokochie.co.jp/news/10068/,「パンに恋して」 2020 Christmas号 リーフレットリリース についてのご案内となります。,「パンに恋して」 2020 Christmas号 リーフレットリリース についてのご案内となります。,,ja_JP,株式会社ココチエ KOKOCHIE Inc.,「パンに恋して」 2020 Christmas号 リーフレットリリース | 株式会社ココチエ　KOKOCHIE Inc.,article,https://kokochie.co.jp/news/10068/,,「パンに恋して」 2020 Christmas号 リーフレットリリース | 株式会社ココチエ　KOKOCHIE Inc.
https://kokochie.co.jp/news/oliviers%ef%bc%86co%e6%a7%98%e3%80%80lp%e3%82%b5%e3%82%a4%e3%83%88%e3%83%aa%e3%83%aa%e3%83%bc%e3%82%b9/,OLIVIERS＆CO様　LPサイトリリース についてのご案内となります。,OLIVIERS＆CO様　LPサイトリリース についてのご案内となります。,,ja_JP,株式会社ココチエ KOKOCHIE Inc.,OLIVIERS＆CO様　LPサイトリリース | 株式会社ココチエ　KOKOCHIE Inc.,article,https://kokochie.co.jp/news/oliviers%ef%bc%86co%e6%a7%98%e3%80%80lp%e3%82%b5%e3%82%a4%e3%83%88%e3%83%aa%e3%83%aa%e3%83%bc%e3%82%b9/,,OLIVIERS＆CO様　LPサイトリリース | 株式会社ココチエ　KOKOCHIE Inc.
https://kokochie.co.jp/news/%e5%b9%b4%e8%b3%80%e3%82%b5%e3%82%a4%e3%83%882021%e3%80%80%e3%83%aa%e3%83%aa%e3%83%bc%e3%82%b9/,年賀サイト2021　リリース についてのご案内となります。,年賀サイト2021　リリース についてのご案内となります。,,ja_JP,株式会社ココチエ KOKOCHIE Inc.,年賀サイト2021　リリース | 株式会社ココチエ　KOKOCHIE Inc.,article,https://kokochie.co.jp/news/%e5%b9%b4%e8%b3%80%e3%82%b5%e3%82%a4%e3%83%882021%e3%80%80%e3%83%aa%e3%83%aa%e3%83%bc%e3%82%b9/,,年賀サイト2021　リリース | 株式会社ココチエ　KOKOCHIE Inc.
https://kokochie.co.jp/news/web%e6%8b%9b%e5%be%85%e7%8a%b6dear%ef%bd%9c%e5%8f%97%e4%bb%98%e3%82%b7%e3%82%b9%e3%83%86%e3%83%a0%e3%82%92%e8%bf%bd%e5%8a%a0%e3%83%aa%e3%83%aa%e3%83%bc%e3%82%b9/,Web招待状DEAR｜受付システムを追加リリース についてのご案内となります。,Web招待状DEAR｜受付システムを追加リリース についてのご案内となります。,,ja_JP,株式会社ココチエ KOKOCHIE Inc.,Web招待状DEAR｜受付システムを追加リリース | 株式会社ココチエ　KOKOCHIE Inc.,article,https://kokochie.co.jp/news/web%e6%8b%9b%e5%be%85%e7%8a%b6dear%ef%bd%9c%e5%8f%97%e4%bb%98%e3%82%b7%e3%82%b9%e3%83%86%e3%83%a0%e3%82%92%e8%bf%bd%e5%8a%a0%e3%83%aa%e3%83%aa%e3%83%bc%e3%82%b9/,,Web招待状DEAR｜受付システムを追加リリース | 株式会社ココチエ　KOKOCHIE Inc.
https://kokochie.co.jp/interview_kariya/,株式会社ココチエのメンバー、エンジニアのインタビュー記事です。,株式会社ココチエのメンバー、エンジニアのインタビュー記事です。,,ja_JP,株式会社ココチエ KOKOCHIE Inc.,社員インタビュー KARIYA | 株式会社ココチエ KOKOCHIE Inc.,article,https://kokochie.co.jp/interview_kariya/,,社員インタビュー KARIYA | 株式会社ココチエ KOKOCHIE Inc.
https://kokochie.co.jp/interview_nakagawa/,株式会社ココチエのメンバー、ディレクターのインタビュー記事です。,株式会社ココチエのメンバー、ディレクターのインタビュー記事です。,,ja_JP,株式会社ココチエ KOKOCHIE Inc.,社員インタビュー NAKAGAWA | 株式会社ココチエ KOKOCHIE Inc.,article,https://kokochie.co.jp/interview_nakagawa/,,社員インタビュー NAKAGAWA | 株式会社ココチエ KOKOCHIE Inc.
https://kokochie.co.jp/interview_sekine/,株式会社ココチエのメンバー、エンジニアのインタビュー記事です。,株式会社ココチエのメンバー、エンジニアのインタビュー記事です。,,ja_JP,株式会社ココチエ KOKOCHIE Inc.,社員インタビュー SEKINE | 株式会社ココチエ KOKOCHIE Inc.,article,https://kokochie.co.jp/interview_sekine/,,社員インタビュー SEKINE | 株式会社ココチエ KOKOCHIE Inc.
https://kokochie.co.jp/interview_kimura/,株式会社ココチエのメンバー、マーケターのインタビュー記事です。,株式会社ココチエのメンバー、マーケターのインタビュー記事です。,,ja_JP,株式会社ココチエ KOKOCHIE Inc.,社員インタビュー KIMURA | 株式会社ココチエ KOKOCHIE Inc.,article,https://kokochie.co.jp/interview_kimura/,,社員インタビュー KIMURA | 株式会社ココチエ KOKOCHIE Inc.
https://kokochie.co.jp/message/,株式会社ココチエの代表者のメッセージです。,株式会社ココチエの代表者のメッセージです。,,ja_JP,株式会社ココチエ KOKOCHIE Inc.,代表者メッセージ | 株式会社ココチエ KOKOCHIE Inc.,article,https://kokochie.co.jp/message/,,代表者メッセージ | 株式会社ココチエ KOKOCHIE Inc.
https://kokochie.co.jp/recruit/recruiter-cpr/,株式会社ココチエが募集する 採用人事・企業広報 の採用情報のご案内です。,株式会社ココチエが募集する 採用人事・企業広報 の採用情報のご案内です。,,ja_JP,株式会社ココチエ KOKOCHIE Inc.,採用人事・企業広報 の採用情報| 株式会社ココチエ KOKOCHIE Inc.,article,https://kokochie.co.jp/recruit/recruiter-cpr/,,採用人事・企業広報 の採用情報| 株式会社ココチエ KOKOCHIE Inc.
https://kokochie.co.jp/recruit/pr/,株式会社ココチエが募集する 広報・PR担当 の採用情報のご案内です。,株式会社ココチエが募集する 広報・PR担当 の採用情報のご案内です。,,ja_JP,株式会社ココチエ KOKOCHIE Inc.,広報・PR担当 の採用情報 | 株式会社ココチエ KOKOCHIE Inc.,article,https://kokochie.co.jp/recruit/pr/,,広報・PR担当 の採用情報 | 株式会社ココチエ KOKOCHIE Inc.
https://kokochie.co.jp/recruit/front-end_engineer/,株式会社ココチエが募集する フロントエンドエンジニア の採用情報のご案内です。,株式会社ココチエが募集する フロントエンドエンジニア の採用情報のご案内です。,,ja_JP,株式会社ココチエ KOKOCHIE Inc.,フロントエンドエンジニア の採用情報 | 株式会社ココチエ KOKOCHIE Inc.,article,https://kokochie.co.jp/recruit/front-end_engineer/,,フロントエンドエンジニア の採用情報 | 株式会社ココチエ KOKOCHIE Inc.
https://kokochie.co.jp/recruit/web_appli_engineer/,株式会社ココチエが募集する Webアプリケーションエンジニア の採用情報のご案内です。,株式会社ココチエが募集する Webアプリケーションエンジニア の採用情報のご案内です。,,ja_JP,株式会社ココチエ KOKOCHIE Inc.,Webアプリケーションエンジニア の採用情報 | 株式会社ココチエ KOKOCHIE Inc.,article,https://kokochie.co.jp/recruit/web_appli_engineer/,,Webアプリケーションエンジニア の採用情報 | 株式会社ココチエ KOKOCHIE Inc.
https://kokochie.co.jp/recruit/web_director/,株式会社ココチエが募集する WEBディレクター の採用情報のご案内です。,株式会社ココチエが募集する WEBディレクター の採用情報のご案内です。,,ja_JP,株式会社ココチエ KOKOCHIE Inc.,WEBディレクター の採用情報 | 株式会社ココチエ KOKOCHIE Inc.,article,https://kokochie.co.jp/recruit/web_director/,,WEBディレクター の採用情報 | 株式会社ココチエ KOKOCHIE Inc.
https://kokochie.co.jp/2021newyearstory/,年賀サイト2021 ｜ KOKOCHIE,年賀サイト2021 ｜ KOKOCHIE,,ja_JP,年賀サイト2021 ｜ KOKOCHIE,年賀サイト2021 ｜ KOKOCHIE,website,https://kokochie.co.jp/2021newyearstory/,,年賀サイト2021 ｜ KOKOCHIE
https://kokochie.co.jp/recruit/planning_editor/,株式会社ココチエが募集する 企画編集 の採用情報のご案内です。,株式会社ココチエが募集する 企画編集 の採用情報のご案内です。,,ja_JP,株式会社ココチエ KOKOCHIE Inc.,企画編集 の採用情報 | 株式会社ココチエ KOKOCHIE Inc.,article,https://kokochie.co.jp/recruit/planning_editor/,,企画編集 の採用情報 | 株式会社ココチエ KOKOCHIE Inc.
https://kokochie.co.jp/recruit/front-end_engineer/form/,株式会社ココチエが募集するフロントエンドエンジニアの専用エントリーフォームです。,株式会社ココチエが募集するフロントエンドエンジニアの専用エントリーフォームです。,,ja_JP,株式会社ココチエ KOKOCHIE Inc.,フロントエンドエンジニアのエントリーフォーム | 株式会社ココチエ KOKOCHIE Inc.,article,https://kokochie.co.jp/recruit/front-end_engineer/form/,,フロントエンドエンジニアのエントリーフォーム | 株式会社ココチエ KOKOCHIE Inc.
https://kokochie.co.jp/recruit/planning_editor/form/,株式会社ココチエが募集する企画編集の専用エントリーフォームです。,株式会社ココチエが募集する企画編集の専用エントリーフォームです。,,ja_JP,株式会社ココチエ KOKOCHIE Inc.,企画編集のエントリーフォーム | 株式会社ココチエ KOKOCHIE Inc.,article,https://kokochie.co.jp/recruit/planning_editor/form/,,企画編集のエントリーフォーム | 株式会社ココチエ KOKOCHIE Inc.
https://kokochie.co.jp/recruit/web_director/form/,株式会社ココチエが募集するWEBディレクターの専用エントリーフォームです。,株式会社ココチエが募集するWEBディレクターの専用エントリーフォームです。,,ja_JP,株式会社ココチエ KOKOCHIE Inc.,WEBディレクターのエントリーフォーム | 株式会社ココチエ KOKOCHIE Inc.,article,https://kokochie.co.jp/recruit/web_director/form/,,WEBディレクターのエントリーフォーム | 株式会社ココチエ KOKOCHIE Inc.
https://kokochie.co.jp/recruit/web_appli_engineer/form/,株式会社ココチエが募集する Webアプリケーションエンジニア応募フォーム の採用情報のご案内です。,株式会社ココチエが募集する Webアプリケーションエンジニア応募フォーム の採用情報のご案内です。,,ja_JP,株式会社ココチエ KOKOCHIE Inc.,Webアプリケーションエンジニア応募フォーム の採用情報 | 株式会社ココチエ KOKOCHIE Inc.,article,https://kokochie.co.jp/recruit/web_appli_engineer/form/,,Webアプリケーションエンジニア応募フォーム の採用情報 | 株式会社ココチエ KOKOCHIE Inc.
https://kokochie.co.jp/news/web%e6%8b%9b%e5%be%85%e7%8a%b6dear%ef%bd%9c%e3%83%95%e3%82%b8%e3%83%86%e3%83%ac%e3%83%93%e3%80%8e%e3%83%a9%e3%82%a4%e3%83%96%e3%83%8b%e3%83%a5%e3%83%bc%e3%82%b9%e3%82%a4%e3%83%83%e3%83%88%e3%80%8f/,Web招待状DEAR｜フジテレビ『ライブニュースイット』で紹介されました についてのご案内となります。,Web招待状DEAR｜フジテレビ『ライブニュースイット』で紹介されました についてのご案内となります。,,ja_JP,株式会社ココチエ KOKOCHIE Inc.,Web招待状DEAR｜フジテレビ『ライブニュースイット』で紹介されました | 株式会社ココチエ　KOKOCHIE Inc.,article,https://kokochie.co.jp/news/web%e6%8b%9b%e5%be%85%e7%8a%b6dear%ef%bd%9c%e3%83%95%e3%82%b8%e3%83%86%e3%83%ac%e3%83%93%e3%80%8e%e3%83%a9%e3%82%a4%e3%83%96%e3%83%8b%e3%83%a5%e3%83%bc%e3%82%b9%e3%82%a4%e3%83%83%e3%83%88%e3%80%8f/,,Web招待状DEAR｜フジテレビ『ライブニュースイット』で紹介されました | 株式会社ココチエ　KOKOCHIE Inc.
https://kokochie.co.jp/recruit/pr/form/,株式会社ココチエが募集する広報・PR担当の専用エントリーフォームです。,株式会社ココチエが募集する広報・PR担当の専用エントリーフォームです。,,ja_JP,株式会社ココチエ KOKOCHIE Inc.,広報・PR担当のエントリーフォーム | 株式会社ココチエ KOKOCHIE Inc.,article,https://kokochie.co.jp/recruit/pr/form/,,広報・PR担当のエントリーフォーム | 株式会社ココチエ KOKOCHIE Inc.
https://kokochie.co.jp/recruit/recruiter-cpr/form/,株式会社ココチエが募集する採用人事・企業広報の専用エントリーフォームです。,株式会社ココチエが募集する採用人事・企業広報の専用エントリーフォームです。,,ja_JP,株式会社ココチエ KOKOCHIE Inc.,採用人事・企業広報のエントリーフォーム | 株式会社ココチエ KOKOCHIE Inc.,article,https://kokochie.co.jp/recruit/recruiter-cpr/form/,,採用人事・企業広報のエントリーフォーム | 株式会社ココチエ KOKOCHIE Inc.
https://kokochie.co.jp/news/web%e6%8b%9b%e5%be%85%e7%8a%b6dear%ef%bd%9c%e6%96%b0%e8%81%9e%e5%90%84%e7%b4%99%e3%81%a7%e7%b4%b9%e4%bb%8b%e3%81%95%e3%82%8c%e3%81%be%e3%81%97%e3%81%9f/,Web招待状DEAR｜新聞各紙で紹介されました についてのご案内となります。,Web招待状DEAR｜新聞各紙で紹介されました についてのご案内となります。,,ja_JP,株式会社ココチエ KOKOCHIE Inc.,Web招待状DEAR｜新聞各紙で紹介されました | 株式会社ココチエ　KOKOCHIE Inc.,article,https://kokochie.co.jp/news/web%e6%8b%9b%e5%be%85%e7%8a%b6dear%ef%bd%9c%e6%96%b0%e8%81%9e%e5%90%84%e7%b4%99%e3%81%a7%e7%b4%b9%e4%bb%8b%e3%81%95%e3%82%8c%e3%81%be%e3%81%97%e3%81%9f/,,Web招待状DEAR｜新聞各紙で紹介されました | 株式会社ココチエ　KOKOCHIE Inc.
https://kokochie.co.jp/news/%e6%97%a5%e6%9c%ac%e8%b2%a1%e5%9b%a3%e3%83%9c%e3%83%a9%e3%83%b3%e3%83%86%e3%82%a3%e3%82%a2%e3%82%b5%e3%83%9d%e3%83%bc%e3%83%88%e3%82%bb%e3%83%b3%e3%82%bf%e3%83%bc%e3%81%ae%e5%85%ac%e5%bc%8f%e3%82%b5/,日本財団ボランティアサポートセンターの公式サイトリニューアル についてのご案内となります。,日本財団ボランティアサポートセンターの公式サイトリニューアル についてのご案内となります。,,ja_JP,株式会社ココチエ KOKOCHIE Inc.,日本財団ボランティアサポートセンターの公式サイトリニューアル | 株式会社ココチエ　KOKOCHIE Inc.,article,https://kokochie.co.jp/news/%e6%97%a5%e6%9c%ac%e8%b2%a1%e5%9b%a3%e3%83%9c%e3%83%a9%e3%83%b3%e3%83%86%e3%82%a3%e3%82%a2%e3%82%b5%e3%83%9d%e3%83%bc%e3%83%88%e3%82%bb%e3%83%b3%e3%82%bf%e3%83%bc%e3%81%ae%e5%85%ac%e5%bc%8f%e3%82%b5/,,日本財団ボランティアサポートセンターの公式サイトリニューアル | 株式会社ココチエ　KOKOCHIE Inc.
https://kokochie.co.jp/news/web%e6%8b%9b%e5%be%85%e7%8a%b6-dear%ef%bd%9c%e3%83%aa%e3%83%96%e3%83%a9%e3%83%b3%e3%83%87%e3%82%a3%e3%83%b3%e3%82%b0%e3%81%ab%e4%bc%b4%e3%81%84%e3%80%81%e3%83%87%e3%82%b6%e3%82%a4%e3%83%b3%e3%83%bb/,WEB招待状 Dear｜リブランディングに伴い、デザイン・料金プランをリニューアル についてのご案内となります。,WEB招待状 Dear｜リブランディングに伴い、デザイン・料金プランをリニューアル についてのご案内となります。,,ja_JP,株式会社ココチエ KOKOCHIE Inc.,WEB招待状 Dear｜リブランディングに伴い、デザイン・料金プランをリニューアル | 株式会社ココチエ　KOKOCHIE Inc.,article,https://kokochie.co.jp/news/web%e6%8b%9b%e5%be%85%e7%8a%b6-dear%ef%bd%9c%e3%83%aa%e3%83%96%e3%83%a9%e3%83%b3%e3%83%87%e3%82%a3%e3%83%b3%e3%82%b0%e3%81%ab%e4%bc%b4%e3%81%84%e3%80%81%e3%83%87%e3%82%b6%e3%82%a4%e3%83%b3%e3%83%bb/,,WEB招待状 Dear｜リブランディングに伴い、デザイン・料金プランをリニューアル | 株式会社ココチエ　KOKOCHIE Inc.
https://kokochie.co.jp/recruit/project_manager/,株式会社ココチエが募集する プロジェクトマネージャー の採用情報のご案内です。,株式会社ココチエが募集する プロジェクトマネージャー の採用情報のご案内です。,,ja_JP,株式会社ココチエ KOKOCHIE Inc.,プロジェクトマネージャー の採用情報 | 株式会社ココチエ KOKOCHIE Inc.,article,https://kokochie.co.jp/recruit/project_manager/,,プロジェクトマネージャー の採用情報 | 株式会社ココチエ KOKOCHIE Inc.
https://kokochie.co.jp/recruit/product-director/,株式会社ココチエが募集する 自社サービス企画/ディレクション の採用情報のご案内です。,株式会社ココチエが募集する 自社サービス企画/ディレクション の採用情報のご案内です。,,ja_JP,株式会社ココチエ KOKOCHIE Inc.,自社サービス企画/ディレクション の採用情報 | 株式会社ココチエ KOKOCHIE Inc.,article,https://kokochie.co.jp/recruit/product-director/,,自社サービス企画/ディレクション の採用情報 | 株式会社ココチエ KOKOCHIE Inc.
https://kokochie.co.jp/recruit/project_manager/form/,株式会社ココチエが募集するプロジェクトマネージャーの専用エントリーフォームです。,株式会社ココチエが募集するプロジェクトマネージャーの専用エントリーフォームです。,,ja_JP,株式会社ココチエ KOKOCHIE Inc.,プロジェクトマネージャーのエントリーフォーム | 株式会社ココチエ KOKOCHIE Inc.,article,https://kokochie.co.jp/recruit/project_manager/form/,,プロジェクトマネージャーのエントリーフォーム | 株式会社ココチエ KOKOCHIE Inc.
https://kokochie.co.jp/recruit/product-director/form/,株式会社ココチエが募集する自社サービス企画/ディレクションの専用エントリーフォームです。,株式会社ココチエが募集する自社サービス企画/ディレクションの専用エントリーフォームです。,,ja_JP,株式会社ココチエ KOKOCHIE Inc.,自社サービス企画/ディレクションのエントリーフォーム | 株式会社ココチエ KOKOCHIE Inc.,article,https://kokochie.co.jp/recruit/product-director/form/,,自社サービス企画/ディレクションのエントリーフォーム | 株式会社ココチエ KOKOCHIE Inc.
